,loss,mae,mse
0,289.00867886379865,8.703263282775879,253.82217407226562
