,loss,mae,mse
0,269.3908110183563,8.597601890563965,237.53128051757812
