,loss,mae,mse
0,255.4534256192839,8.614069938659668,227.15072631835938
