,loss,mae,mse
0,238.9567639695182,8.35144329071045,212.42298889160156
