,loss,mae,mse,rmse,val_loss,val_mae,val_mse,val_rmse
0,4.010127685952847,4.010127544403076,110.79288482666016,7.732159614562988,1.9383869540201475,1.9383867979049683,5.100865364074707,2.0421395301818848
1,3.1620982134071944,3.162097930908203,80.34738159179688,6.501366138458252,1.661492630880173,1.6614927053451538,6.918046474456787,1.7727606296539307
