,loss,mae,mse,rmse,val_loss,val_mae,val_mse,val_rmse
0,4.744788221889439,4.744787216186523,126.69721984863281,10.123039245605469,7.593756188431831,7.593756675720215,98.89181518554688,8.180434226989746
1,3.6766035338449092,3.676603317260742,100.19550323486328,8.577532768249512,5.165240346242304,5.16524076461792,69.14436340332031,5.5806803703308105
