,loss,mae,mse,rmse
0,4.705179581784952,4.705179214477539,153.98011779785156,11.816831588745117
