,loss,mae,mse,rmse,val_loss,val_mae,val_mse,val_rmse
0,7.95565553002979,7.955655097961426,205.54649353027344,13.509583473205566,10.245045538103744,10.24504566192627,308.69940185546875,10.680907249450684
1,7.142736876024644,7.142735958099365,193.26515197753906,13.15584659576416,9.763432137933496,9.763431549072266,292.30535888671875,10.282368659973145
