,loss,mae,mse,rmse
0,146.01722414135085,10.284503936767578,291.1051940917969,15.95467758178711
