,loss,mae,mse,rmse
0,135.33327930278844,10.768624305725098,269.2425231933594,15.471327781677246
