,loss,mae,mse,rmse,val_loss,val_mae,val_mse,val_rmse
0,159.95350210149186,5.9673662185668945,159.95347595214844,11.961359977722168,26.156899251023383,4.058675765991211,26.156896591186523,4.824525356292725
1,95.59045808114325,4.470267295837402,95.59046173095703,9.147934913635254,9.657835375119562,2.6031692028045654,9.657835006713867,2.908104658126831
2,76.27964652927984,3.962510108947754,76.27965545654297,8.362586975097656,52.746852707536256,5.798486232757568,52.74685287475586,6.3304524421691895
3,60.698521974757334,3.61143159866333,60.69852828979492,7.332251071929932,7.4328257501941835,2.2779839038848877,7.432826042175293,2.584556818008423
4,51.94855291043288,3.364187002182007,51.948551177978516,6.861902713775635,22.08834957227315,4.001219749450684,22.088350296020508,4.446562767028809
5,46.35545834879626,3.174363613128662,46.35546112060547,6.369123458862305,10.067789178025233,2.3327553272247314,10.067789077758789,2.743197202682495
6,41.6097096333941,2.986870527267456,41.60971450805664,6.07545804977417,20.393683278152388,3.073643445968628,20.3936824798584,3.422276496887207
7,37.1438640230561,2.831895589828491,37.143863677978516,5.770400524139404,21.81218207805124,3.1692283153533936,21.812183380126953,3.4929111003875732
8,30.254582674498174,2.624372959136963,30.25457763671875,5.187873363494873,10.628335243708467,2.1960575580596924,10.628334999084473,2.594534397125244
