,loss,mae,mse,rmse,val_loss,val_mae,val_mse,val_rmse
0,143.4109475034812,5.296260356903076,143.4109649658203,11.092360496520996,12.42673354638766,2.842970132827759,12.42673397064209,3.221547842025757
1,82.82562906678056,3.790492296218872,82.82563781738281,8.629538536071777,25.752885856367136,3.4526541233062744,25.752883911132812,3.8188869953155518
2,51.70615236447821,3.169821262359619,51.70615005493164,6.823280334472656,20.81491962679445,2.9777934551239014,20.81492042541504,3.280524492263794
3,35.47491060299946,2.609954833984375,35.47490692138672,5.538449287414551,27.33144064414991,3.3846592903137207,27.331439971923828,3.699491500854492
4,28.103035509015868,2.338547945022583,28.103029251098633,4.839813709259033,11.099954039348315,2.1456658840179443,11.099953651428223,2.5687992572784424
