,loss,mae,mse,rmse,val_loss,val_mae,val_mse,val_rmse
0,5.0939195045684365,5.093918800354004,164.7838897705078,11.507956504821777,3.349268813982402,3.349268913269043,15.938512802124023,3.7269647121429443
1,4.080094766050034,4.080094814300537,127.5925064086914,10.176396369934082,2.5220426722748637,2.522042751312256,11.586366653442383,2.8293731212615967
