,loss,mae,mse,rmse,val_loss,val_mae,val_mse,val_rmse
0,165.69091062436834,6.260032653808594,165.69091796875,12.407944679260254,32.16506755515321,4.269378185272217,32.16506576538086,5.188772201538086
