,loss,mae,mse,rmse
0,806.0697073870215,9.706779479980469,261.5564880371094,15.59168529510498
