,loss,mae,mse,rmse
0,131.14040660004292,9.707076072692871,261.5574951171875,15.591833114624023
