,loss,mae,mse,rmse
0,69192.6900880866,9.7013578414917,261.45123291015625,15.588728904724121
