,loss,mae,mse,rmse
0,806.0789361513849,9.706779479980469,261.5565490722656,15.591684341430664
