,loss,mae,mse,rmse
0,7632.414402291892,9.707443237304688,261.5679626464844,15.592452049255371
