,loss,mae,mse,rmse
0,791.2094056598354,9.59832763671875,270.6614990234375,15.70383071899414
