,loss,mae,mse,rmse
0,5364.3903182661625,9.597432136535645,270.6290283203125,15.703226089477539
