,loss,mae,mse,rmse
0,4383.002336813263,9.599468231201172,270.6793212890625,15.703981399536133
