,loss,mae,mse,rmse
0,7472.158951533886,9.59776782989502,270.6330261230469,15.703215599060059
