,loss,mae,mse,rmse
0,4351.424837157588,9.729107856750488,256.4075012207031,14.92528247833252
