,loss,mae,mse,rmse
0,66732.76575094459,9.725444793701172,256.29254150390625,14.922860145568848
