,loss,mae,mse,rmse
0,66732.53868466624,9.725446701049805,256.2926940917969,14.9228515625
