,loss,mae,mse,rmse
0,128.48213747424504,9.728405952453613,256.39080810546875,14.925292015075684
