,loss,mae,mse,rmse
0,7417.488769777236,9.72822380065918,256.3911437988281,14.924626350402832
