,loss,mae,mse,rmse
0,788.5772094585766,11.226797103881836,293.51617431640625,16.132219314575195
