,loss,mae,mse,rmse
0,65256.857971092846,11.22413444519043,293.4050598144531,16.130495071411133
