,loss,mae,mse,rmse,val_loss,val_mae,val_mse,val_rmse
0,5.177891541057327,5.177891731262207,146.6248016357422,11.215251922607422,2.8981804204313724,2.8981802463531494,16.302671432495117,3.133087158203125
1,3.819507907297406,3.8195090293884277,94.94490051269531,9.15437126159668,2.258969910830668,2.25896954536438,7.999529838562012,2.531054735183716
2,3.4336802928526486,3.4336793422698975,80.11649322509766,8.157096862792969,2.251564326841537,2.2515645027160645,11.057336807250977,2.5555074214935303
3,3.049248208672811,3.0492477416992188,65.46354675292969,7.395904541015625,1.7537224320516194,1.7537226676940918,6.246814250946045,2.0277225971221924
4,2.8392132272982384,2.8392138481140137,56.56375503540039,6.942963123321533,1.8480436922752694,1.8480435609817505,6.047782897949219,2.132368803024292
