,loss,mae,mse,rmse,val_loss,val_mae,val_mse,val_rmse
0,4.246670131479596,4.246670246124268,127.19844818115234,8.304560661315918,2.7589153598566525,2.7589149475097656,12.178760528564453,2.950667381286621
1,3.3408147095972374,3.3408150672912598,95.91687774658203,6.927948474884033,3.2713318239144287,3.271332025527954,27.716320037841797,3.4026074409484863
