,loss,mae,mse,rmse
0,1225.1138643533884,8.914088249206543,257.9453125,15.34078311920166
