,loss,mae,mse,rmse,val_loss,val_mae,val_mse,val_rmse
0,4.476438532678589,4.476437568664551,121.97152709960938,9.760499954223633,6.336681912043323,6.336681842803955,91.64936828613281,6.794120788574219
1,3.5678121570072374,3.56781268119812,92.85159301757812,8.3773775100708,4.3163341718177275,4.316334247589111,46.869895935058594,4.869577884674072
