,loss,mae,mse,rmse,val_loss,val_mae,val_mse,val_rmse
0,3.875088498501629,3.8750877380371094,103.72129821777344,7.563833236694336,4.561679600852809,4.561678886413574,76.2839126586914,4.700650691986084
1,3.1206534713472323,3.1206536293029785,77.80768585205078,6.360039710998535,3.56956711370651,3.5695669651031494,25.564800262451172,3.7576804161071777
