,loss,mae,mse,rmse
0,0.5459558574618861,0.5459558367729187,0.8415210247039795,0.850558340549469
