,loss,mae,mse,rmse,val_loss,val_mae,val_mse,val_rmse
0,4.697567100548924,4.697566509246826,131.79641723632812,10.153423309326172,12.190483253949308,12.190483093261719,184.9095458984375,12.335433006286621
1,3.7473074219989537,3.747307062149048,104.88251495361328,9.001723289489746,2.474152088491884,2.474152088165283,14.195298194885254,2.7236015796661377
