,loss,mae,mse,rmse
0,156.30806445516012,11.143891334533691,312.55780029296875,16.991134643554688
