,loss,mae,mse,rmse
0,4769.971482505693,10.95024299621582,307.0306701660156,16.837039947509766
