,loss,mae,mse,rmse
0,61743.65179984177,10.845624923706055,304.6487731933594,16.77550506591797
