,loss,mae,mse,rmse
0,7191.169021140061,11.015396118164062,309.8291015625,16.856271743774414
