,loss,mae,mse,rmse
0,719.9803204302362,11.02768611907959,308.6896667480469,16.884376525878906
