,loss,mae,mse,rmse
0,4078.7202113764856,11.22224235534668,313.6778259277344,16.96893310546875
