,loss,mae,mse,rmse
0,4642.588170804142,11.351561546325684,313.85693359375,16.460634231567383
