,loss,mae,mse,rmse
0,3933.508349826148,11.628753662109375,320.6709289550781,16.642810821533203
