,loss,mae,mse,rmse
0,715.5415343222157,11.546360969543457,319.2868347167969,16.583559036254883
