,loss,mae,mse,rmse
0,6969.363082360745,11.547436714172363,320.5333557128906,16.595935821533203
