,loss,mae,mse,rmse
0,160.99365953282432,11.56735897064209,319.4214782714844,16.59870719909668
