,loss,mae,mse,rmse
0,59970.31510127636,11.225040435791016,310.18963623046875,16.394901275634766
