,loss,mae,mse,rmse
0,6838.965336458989,10.70168399810791,281.4070129394531,15.688817024230957
