,loss,mae,mse,rmse
0,143.1808794132108,10.726612091064453,283.6236572265625,15.804856300354004
