,loss,mae,mse,rmse
0,58864.425519521414,10.373482704162598,272.9301452636719,15.499024391174316
