,loss,mae,mse,rmse
0,684.6506152712728,10.523740768432617,277.32061767578125,15.615517616271973
