,loss,mae,mse,rmse
0,3829.990426489688,10.625078201293945,279.84588623046875,15.713723182678223
