,loss,mae,mse,rmse
0,4533.4550144147515,10.585630416870117,279.2997131347656,15.709476470947266
