,loss,mae,mse,rmse
0,3679.0450882397995,9.56262493133545,247.94607543945312,14.82271671295166
