,loss,mae,mse,rmse
0,639.0973198174605,9.448291778564453,243.8367919921875,14.743632316589355
