,loss,mae,mse,rmse
0,56373.81084558823,9.432055473327637,242.22254943847656,14.733855247497559
