,loss,mae,mse,rmse
0,126.03774750565438,9.708309173583984,249.69102478027344,14.890664100646973
