,loss,mae,mse,rmse
0,4311.529386083477,9.485848426818848,244.83665466308594,14.780915260314941
