,loss,mae,mse,rmse,val_loss,val_mae,val_mse,val_rmse
0,4.5794076877217185,4.57940673828125,127.07625579833984,10.564974784851074,3.7661117629601004,3.7661118507385254,37.02640151977539,4.110169410705566
1,3.491908473259336,3.4919087886810303,89.64973449707031,8.705572128295898,2.6072897953413876,2.607290029525757,16.99591064453125,2.933115005493164
2,2.9884765216962874,2.988476276397705,69.8315658569336,7.716762542724609,2.235535295283208,2.2355353832244873,8.210521697998047,2.5397801399230957
3,2.759663451723465,2.7596631050109863,58.52023696899414,6.864768981933594,2.0835242181853517,2.083524227142334,10.578115463256836,2.4017674922943115
4,2.4709906638925534,2.4709908962249756,46.14417266845703,6.152432441711426,1.9168071815224945,1.9168072938919067,7.385545253753662,2.1697490215301514
