,loss,mae,mse,rmse
0,5.423061563409968,5.423059940338135,157.43882751464844,11.152311325073242
1,4.075410110194508,4.075410842895508,109.04058837890625,9.13269329071045
