,loss,mae,mse,rmse
0,4.699401715420356,4.699402332305908,122.44585418701172,9.545693397521973
1,3.3702963388236404,3.3702964782714844,79.39176177978516,7.521182537078857
