,loss,mae,mse,rmse
0,102.29539337817737,6.66560697555542,203.14883422851562,13.119196891784668
