,loss,mae,mse,rmse
0,150.4372482370469,10.651294708251953,293.5015563964844,16.426280975341797
