,loss,mae,mse,rmse
0,137.1845096668578,10.094664573669434,267.1840515136719,15.403413772583008
