,loss,mae,mse,rmse
0,121.97044107355458,9.317965507507324,236.0080108642578,14.45862102508545
