,loss,mae,mse,rmse
0,132.89408826993,10.46358585357666,260.01458740234375,15.461090087890625
