,loss,mae,mse,rmse,val_loss,val_mae,val_mse,val_rmse
0,5.084425217356715,5.0844268798828125,158.46731567382812,11.488604545593262,3.023560325413534,3.0235602855682373,13.152862548828125,3.369056463241577
1,4.016116336599917,4.016115665435791,130.33128356933594,10.121225357055664,2.49938377746164,2.4993836879730225,9.898153305053711,2.832195997238159
