,loss,mae,mse,rmse,val_loss,val_mae,val_mse,val_rmse
0,5.108191478984818,5.10819149017334,142.1337432861328,11.122577667236328,3.7609375562569864,3.760937213897705,31.956567764282227,4.083362102508545
1,3.6939912361287526,3.69399094581604,91.46057891845703,8.831358909606934,2.3768519604042786,2.376852035522461,12.259206771850586,2.6728312969207764
2,3.2015142127958924,3.2015140056610107,66.76143646240234,7.715351581573486,2.115683742418681,2.1156837940216064,7.6399736404418945,2.449307441711426
3,2.900967925888184,2.900967597961426,58.906986236572266,7.161202907562256,1.688790790022236,1.6887909173965454,5.966200351715088,1.9941625595092773
4,2.7374166895409138,2.7374167442321777,51.54740524291992,6.633590221405029,2.056516034145878,2.056516170501709,9.01541519165039,2.472935438156128
