,loss,mae,mse,rmse
0,26.42278993243824,2.926551342010498,26.422792434692383,4.593811988830566
