,loss,mae,mse,rmse
0,23.304869164901884,2.833672046661377,23.304874420166016,4.378749370574951
