,loss,mae,mse,rmse
0,21.480721501078953,2.7519757747650146,21.480710983276367,4.207338809967041
