,loss,mae,mse,rmse
0,24.39262502003706,2.786416530609131,24.39262580871582,4.407915115356445
