,loss,mae,mse,rmse,val_loss,val_mae,val_mse,val_rmse
0,8.39519725562835,8.395196914672852,247.97718811035156,14.987101554870605,7.168789661093934,7.168789386749268,88.85208892822266,7.273496150970459
1,7.829819842966002,7.829819202423096,238.96734619140625,14.742365837097168,6.634499364601423,6.634499549865723,81.47712707519531,6.783553600311279
