,loss,mae,mse,rmse
0,412.6271713459407,7.5066094398498535,223.67860412597656,13.14591121673584
1,405.0264285430013,5.220265865325928,168.95123291015625,11.231294631958008
2,399.59065467525903,5.065891742706299,157.6548309326172,10.613932609558105
3,394.1189708044294,4.734841346740723,144.55618286132812,10.126395225524902
4,391.4932580366662,4.390133380889893,133.1886444091797,9.628785133361816
