,loss,mae,mse,rmse
0,402.1584622365124,7.239257335662842,207.3179168701172,12.4323148727417
1,394.4540981415506,5.172419548034668,151.07823181152344,10.456338882446289
2,389.448708317256,4.8805646896362305,142.22140502929688,10.064248085021973
3,384.52321713666674,4.293732643127441,122.95596313476562,9.121092796325684
4,379.872780582881,4.171626091003418,116.69775390625,8.728758811950684
