,loss,mae,mse,rmse
0,397.7478376950665,6.740840435028076,181.11746215820312,12.0905122756958
1,390.8403583978225,5.14913272857666,143.08428955078125,10.206965446472168
2,385.2658124102153,4.594965934753418,128.60877990722656,9.452057838439941
3,380.20166237011966,4.235077857971191,116.91287231445312,8.698882102966309
4,373.40602278625335,3.9995627403259277,107.05330657958984,8.510648727416992
