,loss,mae,mse,rmse
0,386.43953374490883,6.736242771148682,173.3607940673828,11.533514976501465
1,377.79733578375055,4.860635757446289,129.10792541503906,9.535699844360352
2,371.80787611172684,4.361182689666748,114.63484191894531,8.885574340820312
3,366.1389365789112,4.078986644744873,102.46713256835938,8.273223876953125
4,358.84352346594085,3.709987163543701,92.11872100830078,7.768927097320557
