,loss,mae,mse,rmse
0,35.733771535856334,4.282677173614502,66.75062561035156,7.285746097564697
