,loss,mae,mse,rmse,val_loss,val_mae,val_mse,val_rmse
0,142.94673919581646,5.897571086883545,142.94671630859375,11.135140419006348,12.9559759695236,2.6630234718322754,12.955977439880371,3.227173089981079
1,95.07520526722637,4.462007522583008,95.07521057128906,9.15316390991211,10.938477874781988,2.1082866191864014,10.938477516174316,2.69368577003479
2,76.59843587082639,4.040497779846191,76.59844207763672,8.17209529876709,8.983567002701433,1.9096829891204834,8.983567237854004,2.6150057315826416
3,65.50804992214559,3.6389167308807373,65.508056640625,7.889495849609375,9.66402269258891,2.03861403465271,9.664022445678711,2.7540476322174072
4,58.97368729829188,3.4165117740631104,58.97368240356445,7.223813533782959,53.524596556572064,6.306478023529053,53.52459716796875,6.593864917755127
5,58.697480010505885,3.4287993907928467,58.697479248046875,7.204190731048584,10.715123259204708,2.016237735748291,10.715123176574707,2.604968309402466
6,58.079970127749505,3.3702328205108643,58.07997131347656,7.185896873474121,9.107811624709875,1.7952510118484497,9.10781192779541,2.506779909133911
7,50.646951833960394,3.1714842319488525,50.64695739746094,6.735232830047607,20.22556959570271,3.108327627182007,20.225570678710938,3.6707866191864014
