,loss,mae,mse,rmse,val_loss,val_mae,val_mse,val_rmse
0,4.911531227145687,4.9115309715271,143.529296875,10.95252513885498,3.898979706679537,3.898979425430298,39.325016021728516,4.238760948181152
1,3.8574380664264454,3.857438325881958,115.03832244873047,9.321484565734863,2.8517037030777646,2.851703643798828,13.06615161895752,3.2662570476531982
