,loss,mae,mse,rmse,val_loss,val_mae,val_mse,val_rmse
0,3.9927052430122196,3.9927051067352295,112.768798828125,9.657171249389648,2.6898281588906148,2.689828395843506,18.673097610473633,3.041670799255371
1,2.912392407754947,2.9123926162719727,64.48301696777344,7.336793422698975,2.2241030612278507,2.2241032123565674,12.706291198730469,2.587534189224243
2,2.458125884472067,2.4581263065338135,44.605892181396484,6.059787273406982,3.108667018309317,3.1086668968200684,22.24861717224121,3.436511278152466
3,2.1940553433093326,2.1940553188323975,36.1434440612793,5.409348964691162,2.2837197199219563,2.283719778060913,14.097210884094238,2.6135079860687256
4,2.049431512940605,2.049431562423706,33.52186965942383,5.06553840637207,1.745239522613463,1.7452396154403687,6.044886589050293,2.0262532234191895
