,loss,mae,mse,rmse,val_loss,val_mae,val_mse,val_rmse
0,129.59652050662532,5.095678806304932,129.5965118408203,10.63212776184082,5.796003679543325,1.7565457820892334,5.796004295349121,2.015744924545288
1,73.91482871827905,3.7214367389678955,73.91484069824219,8.113310813903809,27.415871205885118,3.7863099575042725,27.415870666503906,4.027213096618652
2,40.924775889421106,2.973961114883423,40.92477798461914,6.111285209655762,5.330457336282077,1.9382023811340332,5.33045768737793,2.155225992202759
3,29.579492937602097,2.4937903881073,29.579492568969727,5.041441440582275,30.208325939799007,3.7969307899475098,30.208324432373047,4.12432861328125
4,22.659529618990206,2.222463369369507,22.659530639648438,4.450042724609375,5.075314162120427,1.4199973344802856,5.075314521789551,1.7967826128005981
