,loss,mae,mse,rmse,val_loss,val_mae,val_mse,val_rmse
0,4.725208470443034,4.725208282470703,138.74436950683594,10.392328262329102,2.2927538094455246,2.2927539348602295,12.82126522064209,2.634453058242798
1,3.764355357407923,3.764355421066284,108.71910858154297,8.931678771972656,11.401402451240854,11.40140151977539,159.42919921875,11.561180114746094
