,loss,mae,mse,rmse
0,98.18301719955251,7.118007183074951,195.08641052246094,12.988458633422852
