,loss,mae,mse,rmse,val_loss,val_mae,val_mse,val_rmse
0,5.930270586605608,5.930270671844482,173.17796325683594,12.441384315490723,3.855379202267895,3.855379104614258,31.843528747558594,4.481600761413574
1,4.818479019390576,4.818477630615234,130.45068359375,10.696443557739258,3.9317761953562904,3.9317758083343506,29.993953704833984,4.73095703125
2,4.496911540300841,4.49691104888916,116.28133392333984,10.255924224853516,3.16788943924316,3.1678895950317383,24.904582977294922,4.107709884643555
3,4.260182888134647,4.260182857513428,105.3470687866211,9.789261817932129,3.460152309561429,3.4601521492004395,27.744979858398438,4.327953338623047
4,4.037120609233393,4.037121295928955,97.31884765625,9.391509056091309,4.786133403647436,4.786133289337158,42.305416107177734,5.366519927978516
