,loss,mae,mse
0,3.244595034470636,2.1629292964935303,25.34668731689453
