,loss,mae,mse
0,2.8780417235921676,1.865874171257019,15.022319793701172
