,loss,mae,mse
0,2.707022796397666,1.8826520442962646,16.573753356933594
