,loss,mae,mse,rmse,val_loss,val_mae,val_mse,val_rmse
0,8.28172027998574,8.281719207763672,232.13272094726562,14.635154724121094,7.456955534512879,7.456955909729004,99.74906158447266,7.603374004364014
1,7.581148019509098,7.581149578094482,220.947509765625,13.866497039794922,6.799370873169821,6.799370288848877,90.32501220703125,7.003336429595947
