,loss,mae,mse,rmse,val_loss,val_mae,val_mse,val_rmse
0,8.153918279251517,8.15391731262207,243.7266387939453,14.96788215637207,6.792301795254015,6.792301654815674,83.59590911865234,6.9257493019104
1,7.374054981772272,7.374054431915283,231.93617248535156,14.340007781982422,6.1475415886264955,6.147541046142578,74.27801513671875,6.348482131958008
