,loss,mae,mse,rmse,val_loss,val_mae,val_mse,val_rmse
0,4.708985723216049,4.708985805511475,138.9241485595703,10.48324203491211,3.0403044842631437,3.040304660797119,20.31875228881836,3.461904287338257
1,3.821623529631078,3.8216238021850586,116.10895538330078,9.472350120544434,3.9648978801372925,3.964898109436035,21.95575523376465,4.3794779777526855
