,loss,mae,mse,rmse,val_loss,val_mae,val_mse,val_rmse
0,6.398623305076235,6.398622989654541,173.99156188964844,12.518595695495605,5.42016435842045,5.420164585113525,64.5939712524414,6.075697422027588
1,5.428573205653623,5.428575038909912,143.22023010253906,11.209848403930664,4.781280187309766,4.781280517578125,53.73770523071289,5.62438440322876
2,5.144280244719307,5.144278526306152,128.8555450439453,10.695932388305664,5.372322242116668,5.372322082519531,61.53648376464844,6.001644134521484
3,4.731969674075484,4.731969833374023,114.75724792480469,10.2319974899292,4.432356054991321,4.432355880737305,46.23765563964844,5.191091537475586
4,4.068090280073465,4.068089962005615,93.46026611328125,9.288808822631836,4.101565926778512,4.101565837860107,40.44389724731445,4.852941513061523
