,loss,mae,mse,rmse,val_loss,val_mae,val_mse,val_rmse
0,4.45119067772862,4.4511919021606445,117.74317169189453,9.86388874053955,5.582708133410101,5.58270788192749,80.00099182128906,6.053489685058594
1,3.5194563722665473,3.519456624984741,92.10254669189453,8.539985656738281,4.672661681371192,4.672661781311035,77.22901916503906,5.303349494934082
