,loss,mae,mse,rmse
0,5497.403766835829,9.705554962158203,261.5350341796875,15.59119987487793
