,loss,mae,mse,rmse
0,131.13544698481428,9.707082748413086,261.55780029296875,15.591838836669922
