,loss,mae,mse,rmse
0,771.1772052909025,9.727214813232422,256.3565673828125,14.924140930175781
