,loss,mae,mse,rmse,val_loss,val_mae,val_mse,val_rmse
0,8.257709330644513,8.257708549499512,231.61016845703125,14.420918464660645,7.441414007723657,7.4414143562316895,99.51751708984375,7.588943958282471
1,7.560989050171881,7.560989856719971,220.5229949951172,13.893607139587402,6.769206064646362,6.769207000732422,89.90913391113281,6.976537704467773
