,loss,mae,mse,rmse,val_loss,val_mae,val_mse,val_rmse
0,4.791832824658342,4.791833877563477,139.14244079589844,10.696683883666992,3.174565506437437,3.174565315246582,25.782915115356445,3.5892536640167236
1,3.8441789735038325,3.844179391860962,114.57162475585938,9.325943946838379,2.7252743599193345,2.7252743244171143,16.77559471130371,3.086686372756958
