,loss,mae,mse,rmse
0,69192.56309576644,9.701356887817383,261.4512023925781,15.588729858398438
