,loss,mae,mse,rmse,val_loss,val_mae,val_mse,val_rmse
0,110.58622416609181,4.78694486618042,110.58622741699219,9.732378005981445,19.02432157258465,3.0409982204437256,19.024320602416992,3.2433226108551025
1,61.55250879273907,3.414626121520996,61.55250549316406,7.292957305908203,4.090944624600345,1.5783300399780273,4.090944290161133,1.855878472328186
2,35.10675540533414,2.746236562728882,35.106754302978516,5.452341079711914,8.478517410853138,2.3278024196624756,8.478517532348633,2.591071367263794
3,27.17726304849389,2.4712424278259277,27.177261352539062,4.899048328399658,34.799682210896115,4.382625102996826,34.7996826171875,4.8190484046936035
4,20.22630645406036,2.162170886993408,20.22631072998047,4.143011093139648,72.66290299925086,7.497713088989258,72.66290283203125,7.638499736785889
5,16.820393323537985,2.0200514793395996,16.82039451599121,3.758023977279663,9.959200154918515,2.498048782348633,9.959199905395508,2.8090298175811768
6,12.780308707895447,1.793513298034668,12.780308723449707,3.306694746017456,5.925932655595753,1.697006106376648,5.925932884216309,2.059957981109619
