,loss,mae,mse,rmse,val_loss,val_mae,val_mse,val_rmse
0,5.193707434105704,5.193707466125488,149.5565643310547,11.31348705291748,3.5329990501273167,3.532999038696289,28.96099090576172,3.863973379135132
1,3.8125657935170487,3.8125662803649902,99.72176361083984,9.109427452087402,2.7661642089281995,2.7661640644073486,17.388113021850586,3.0782697200775146
2,3.370683902205785,3.3706836700439453,78.38201141357422,8.09813404083252,2.0204545481564247,2.0204544067382812,6.802472114562988,2.263669729232788
3,3.0645183783028,3.0645182132720947,64.45263671875,7.345600605010986,1.851938197057541,1.851938247680664,5.944271564483643,2.1152360439300537
4,2.841717836848745,2.8417179584503174,54.44440841674805,6.56419563293457,1.6779675196294914,1.6779674291610718,5.583499908447266,1.9415727853775024
