,loss,mae,mse,rmse
0,1.6494226745568739,0.5779000520706177,1.6494226455688477,1.0792118310928345
