,loss,mae,mse,rmse
0,12.667448847989792,0.9004084467887878,12.667451858520508,3.23360538482666
