,loss,mae,mse,rmse
0,1.221331851803686,0.49666813015937805,1.2213321924209595,0.9449962377548218
