,loss,mae,mse,rmse
0,11.216537352444254,0.8871802091598511,11.216535568237305,3.062204360961914
