,loss,mae,mse,rmse,val_loss,val_mae,val_mse,val_rmse
0,121.59349293076318,5.328152656555176,121.5934829711914,10.354961395263672,95.18834231650993,6.590024471282959,95.1883316040039,7.623844146728516
1,83.20561040506506,4.289669036865234,83.20561218261719,8.52772331237793,66.61526784113009,5.86961030960083,66.61526489257812,7.043489456176758
2,66.5803726273287,3.8207459449768066,66.58036041259766,7.776122093200684,57.627902995070365,4.7587504386901855,57.627899169921875,5.87879753112793
3,64.56367533154692,3.6208155155181885,64.56366729736328,7.611208915710449,52.40200921999265,4.086685657501221,52.402008056640625,5.2213358879089355
4,59.177774732913115,3.5561981201171875,59.17778015136719,7.234771251678467,53.9289628577559,3.9199883937835693,53.9289665222168,5.076676845550537
5,52.33031833037098,3.1931071281433105,52.330318450927734,6.816461563110352,73.53403449123853,4.386003494262695,73.5340347290039,5.419135570526123
6,49.95136924873449,3.162806510925293,49.95137405395508,6.745370388031006,60.6213736258141,3.8596036434173584,60.62137222290039,5.017604351043701
7,48.04647568391406,3.071462631225586,48.04646301269531,6.595224380493164,58.364891979955644,3.953287124633789,58.364891052246094,5.040843486785889
8,47.07985582846671,2.97837233543396,47.07984924316406,6.4912896156311035,58.3935070099896,3.7842812538146973,58.39350509643555,4.9062628746032715
