,loss,mae,mse,rmse,val_loss,val_mae,val_mse,val_rmse
0,117.40929014224984,4.693635940551758,117.4092788696289,9.988335609436035,19.284585924096447,3.0782470703125,19.28458595275879,3.3968093395233154
1,67.73891705545813,3.3775506019592285,67.73892211914062,7.650979042053223,14.158007206486873,2.7169923782348633,14.158008575439453,3.017385244369507
2,37.68225452452732,2.825817823410034,37.6822509765625,5.781714916229248,50.01278698607221,4.6423492431640625,50.01279067993164,4.929896354675293
3,26.895593260025212,2.4331181049346924,26.89559555053711,4.795526027679443,13.526674276166926,2.759915351867676,13.526674270629883,3.0542304515838623
4,19.28810896116674,2.1700942516326904,19.28810691833496,4.096243381500244,21.87340477434664,2.7950496673583984,21.873403549194336,3.1459922790527344
5,16.26264078159311,1.9438167810440063,16.26264190673828,3.6685874462127686,29.20987076739796,3.3310439586639404,29.209869384765625,3.680530309677124
6,13.66350439359557,1.8520045280456543,13.663505554199219,3.467228889465332,19.965774545741212,2.755092144012451,19.965774536132812,3.0493738651275635
7,12.005689376466943,1.7021232843399048,12.005687713623047,3.2657012939453125,28.38252807428928,3.1288487911224365,28.382526397705078,3.4382359981536865
8,10.64920207054316,1.6752104759216309,10.649200439453125,3.0415866374969482,18.89743584817876,2.83369517326355,18.897436141967773,3.1008384227752686
