,loss,mae,mse,rmse,val_loss,val_mae,val_mse,val_rmse
0,3.6945170672569585,3.6945176124572754,92.76206970214844,8.859119415283203,4.15403343782033,4.154033660888672,26.588254928588867,4.5582122802734375
1,2.617594432885809,2.6175947189331055,52.06056594848633,6.4384684562683105,2.748835595339945,2.748835563659668,16.08055877685547,3.200270414352417
2,2.2181941452048366,2.2181942462921143,37.22267150878906,5.434704303741455,2.4451418912574034,2.4451417922973633,12.550052642822266,2.7690727710723877
3,1.9706066703576393,1.9706066846847534,29.657455444335938,4.882350921630859,2.409062007681964,2.409061908721924,11.080337524414062,2.6957271099090576
4,1.7288338469249016,1.7288336753845215,21.41373062133789,4.20372200012207,2.2545969803039343,2.2545969486236572,20.096416473388672,2.7662737369537354
