,loss,mae,mse,rmse,val_loss,val_mae,val_mse,val_rmse
0,5.093135578097219,5.093134880065918,164.2734832763672,11.447541236877441,2.8743357050908753,2.874335527420044,12.926368713378906,3.147024154663086
1,4.0016874308643535,4.001687049865723,127.91282653808594,10.131567001342773,2.625299486395431,2.6252994537353516,11.021178245544434,3.013622283935547
