,loss,mae,mse,rmse,val_loss,val_mae,val_mse,val_rmse
0,140.4813369524361,5.307861804962158,140.48133850097656,10.990296363830566,12.774164829515431,2.6716408729553223,12.774165153503418,3.1275794506073
1,79.98000381016496,3.7889459133148193,79.97999572753906,8.477803230285645,18.939694847146125,2.882997512817383,18.939695358276367,3.2032687664031982
2,44.94154805476123,3.001710891723633,44.941551208496094,6.389565944671631,6.751240119705462,1.69343900680542,6.751240253448486,2.0970630645751953
3,29.85950168760696,2.467869997024536,29.859500885009766,5.127110481262207,12.003397438215883,2.133666753768921,12.003397941589355,2.586866617202759
4,24.64718551446896,2.301809072494507,24.647188186645508,4.655694484710693,6.8324411614300455,1.7099745273590088,6.832440376281738,2.134132146835327
5,18.805093009873193,2.039716958999634,18.805095672607422,4.098116397857666,22.08941379948838,3.00817608833313,22.089414596557617,3.399223566055298
6,17.713077233569457,1.9587939977645874,17.71307945251465,3.9297239780426025,13.83754391396699,2.3943371772766113,13.837544441223145,2.7589380741119385
7,14.872811213578329,1.7383942604064941,14.872810363769531,3.6497042179107666,18.04227280918866,2.5943377017974854,18.042274475097656,3.0987703800201416
