,loss,mae,mse,rmse,val_loss,val_mae,val_mse,val_rmse
0,4.347320275786631,4.347318649291992,137.81591796875,8.610738754272461,2.968345142064029,2.9683454036712646,12.977988243103027,3.1542279720306396
1,3.4681594122446184,3.4681589603424072,103.5328140258789,7.370011806488037,2.5654079772838174,2.5654079914093018,16.235063552856445,2.713522434234619
