,loss,mae,mse,rmse
0,67504.86117855161,9.595407485961914,270.5950927734375,15.702593803405762
