,loss,mae,mse,rmse
0,2.183979694951497,2.1839797496795654,78.47837829589844,6.274205207824707
