,loss,mae,mse,rmse
0,2.0686329055441073,2.0686330795288086,70.14064025878906,5.908029556274414
