,loss,mae,mse,rmse
0,2.017165598611087,2.0171658992767334,64.28864288330078,5.612480163574219
