,loss,mae,mse,rmse,val_loss,val_mae,val_mse,val_rmse
0,196.84888193437294,6.754134654998779,196.84893798828125,13.011314392089844,37.59931736776274,4.249308109283447,37.59931564331055,5.12491512298584
