,loss,mae,mse
0,188.35312791561117,6.6379008293151855,188.35311889648438
