,loss,mae,mse,rmse,val_loss,val_mae,val_mse,val_rmse
0,4.981680850623456,4.9816813468933105,161.1616973876953,11.225183486938477,2.8144045882029074,2.8144047260284424,11.959506034851074,3.103065252304077
1,4.022647273728199,4.022647380828857,124.89594268798828,10.10221004486084,2.6717447777316994,2.6717448234558105,11.342138290405273,3.0527756214141846
