,loss,mae,mse,rmse
0,1.9611663522879832,1.9611659049987793,60.58255386352539,5.473071098327637
