,loss,mae,mse,rmse
0,5.896345848211281,5.8963446617126465,171.2262420654297,12.14039421081543
1,4.684807073558396,4.684807300567627,130.94271850585938,10.667763710021973
2,4.381588566483594,4.381588935852051,114.24495697021484,10.085358619689941
3,4.096186889767389,4.096186637878418,100.33277893066406,9.473264694213867
4,3.86990315253884,3.869903802871704,93.57007598876953,9.121235847473145
