,loss,mae,mse,rmse
0,5.7472463545330825,5.747246742248535,150.22666931152344,11.812284469604492
1,4.286840987746001,4.286840915679932,104.79676055908203,9.626463890075684
2,3.7744939616705366,3.774494171142578,83.56964111328125,8.615821838378906
3,3.5250839074853086,3.525083303451538,73.97691345214844,8.043792724609375
4,3.3683074877904704,3.3683063983917236,72.34916687011719,7.903843402862549
