,loss,mae,mse,rmse
0,5.208734265385752,5.20873498916626,133.17262268066406,10.531970024108887
1,4.091402329045596,4.091402053833008,100.7872314453125,9.202796936035156
2,3.7093294069978744,3.7093288898468018,81.84635162353516,8.341565132141113
3,3.372977850153922,3.3729782104492188,68.34172058105469,7.658593654632568
4,3.2184391645961705,3.2184395790100098,64.31413269042969,7.520318984985352
