,loss,mae,mse,rmse,val_loss,val_mae,val_mse,val_rmse
0,4.220661666951515,4.22066068649292,105.41012573242188,9.572074890136719,3.865501816305396,3.865501642227173,45.896934509277344,4.497452735900879
1,3.182850076638016,3.1828501224517822,73.11929321289062,7.670543670654297,4.674067899625595,4.674067974090576,43.61714553833008,5.138783931732178
2,2.7420953205025045,2.742095470428467,53.64264678955078,6.547929286956787,2.916539964937184,2.9165399074554443,18.59136199951172,3.350245714187622
3,2.422229184521386,2.422229051589966,41.20436096191406,5.847942352294922,2.446586649385217,2.4465866088867188,12.727080345153809,2.9083821773529053
4,2.251634513960578,2.2516345977783203,36.067203521728516,5.41497802734375,2.2777118555487017,2.277711868286133,12.020977020263672,2.675795793533325
