,loss,mae,mse,rmse,val_loss,val_mae,val_mse,val_rmse
0,132.11955221187335,4.965820789337158,132.1195526123047,10.802918434143066,42.59998328718421,5.564439296722412,42.599979400634766,5.9228291511535645
1,71.5131206384372,3.6090283393859863,71.51312255859375,8.0099515914917,10.443916360156177,2.2413489818573,10.443916320800781,2.6400933265686035
2,40.87069921090155,2.8716962337493896,40.870697021484375,6.065145015716553,16.391274173945597,3.4651718139648438,16.391273498535156,3.8242814540863037
3,27.99300018715689,2.386878490447998,27.992998123168945,4.887444972991943,9.589130670893683,1.8821061849594116,9.589130401611328,2.347454786300659
4,20.230406560659336,2.1394896507263184,20.230403900146484,4.227738857269287,7.226590049103515,1.7737115621566772,7.226590156555176,2.2078299522399902
