,loss,mae,mse,rmse,val_loss,val_mae,val_mse,val_rmse
0,5.091496468473636,5.091495990753174,160.71986389160156,11.477951049804688,3.070983663977009,3.070983648300171,12.935845375061035,3.3904993534088135
1,4.076436612148939,4.076436519622803,131.7239227294922,10.243232727050781,2.5463152410232857,2.5463154315948486,14.235212326049805,2.920923948287964
