,loss,mae,mse,rmse,val_loss,val_mae,val_mse,val_rmse
0,112.57919095157075,4.809041976928711,112.57919311523438,9.847712516784668,10.536989607549694,2.2314207553863525,10.53699016571045,2.475651979446411
1,60.04624632419807,3.357956647872925,60.04624557495117,7.167679786682129,4.096481323078887,1.4799875020980835,4.0964813232421875,1.7692302465438843
2,36.7741629353098,2.7674765586853027,36.77416229248047,5.611914157867432,5.676876216391994,1.856313705444336,5.676876068115234,2.1278750896453857
3,26.362792869584087,2.4188735485076904,26.362791061401367,4.7317214012146,5.448761639203111,1.6912577152252197,5.448761463165283,1.963417887687683
4,19.832533337667545,2.0998871326446533,19.832538604736328,4.137485504150391,5.64448289544615,1.6249921321868896,5.6444830894470215,1.9373325109481812
5,14.966294741690609,1.9140654802322388,14.966296195983887,3.6166341304779053,9.272289390229199,1.9637924432754517,9.272289276123047,2.3823840618133545
6,14.319268211759908,1.870630145072937,14.319266319274902,3.543393611907959,4.770166421426485,1.6055045127868652,4.770166397094727,1.8888887166976929
