,loss,mae,mse,rmse,val_loss,val_mae,val_mse,val_rmse
0,5.503179554933978,5.503180027008057,151.07864379882812,11.318078994750977,3.4178308033552325,3.4178307056427,17.063940048217773,3.7723398208618164
1,3.799757307562791,3.799757719039917,92.36102294921875,8.990269660949707,2.6619212940090993,2.6619210243225098,15.971491813659668,2.995708703994751
2,3.3408621667360228,3.3408620357513428,73.56523895263672,7.757437229156494,2.4951719957622673,2.4951720237731934,10.223227500915527,2.82598876953125
3,3.0306095738257475,3.0306103229522705,60.43039321899414,7.094731330871582,2.168132011030541,2.1681318283081055,8.427742958068848,2.464228391647339
4,2.778092167618272,2.7780916690826416,52.17841720581055,6.599447727203369,2.131695962668768,2.1316957473754883,7.957711696624756,2.4424946308135986
