,loss,mae,mse,rmse,val_loss,val_mae,val_mse,val_rmse
0,199.6354180189464,6.748835563659668,199.63546752929688,12.772903442382812,40.99116793070754,5.137048721313477,40.99116897583008,5.72427225112915
1,141.92498207764902,5.964624881744385,141.92501831054688,11.245878219604492,24.304135201075304,3.344205141067505,24.304134368896484,4.120308876037598
2,126.16892238167732,5.513468265533447,126.16891479492188,10.633454322814941,75.51778432767685,7.109302043914795,75.51778411865234,7.317935943603516
3,115.02379408291065,5.2903733253479,115.02379608154297,10.218891143798828,28.02714608270828,3.618252992630005,28.027149200439453,4.18297004699707
4,108.69713423029901,5.098859786987305,108.6971206665039,9.832898139953613,24.41343158434515,3.396087169647217,24.41343116760254,4.148828029632568
5,105.16115687680184,4.995998859405518,105.16118621826172,9.860884666442871,29.437024494719832,3.6906514167785645,29.437021255493164,4.221676349639893
6,102.34800985273847,4.916230201721191,102.3479995727539,9.527498245239258,25.499025964083735,3.4520130157470703,25.499025344848633,4.266541004180908
