,loss,mae,mse,rmse,val_loss,val_mae,val_mse,val_rmse
0,3.9653125253672563,3.9653124809265137,104.45233917236328,9.255677223205566,1.6364922461444384,1.636492133140564,4.357151508331299,1.9191440343856812
1,2.868430526280583,2.8684306144714355,62.909420013427734,7.040553569793701,1.3797732929660849,1.3797732591629028,3.7112345695495605,1.6408835649490356
2,2.466330027279986,2.4663302898406982,48.580108642578125,6.1396284103393555,5.111801471448924,5.1118011474609375,41.193721771240234,5.202722072601318
3,2.2003855608122174,2.2003862857818604,37.18207550048828,5.432523727416992,1.754312118765426,1.7543120384216309,4.564906120300293,1.9427986145019531
4,2.0111480685265297,2.0111477375030518,30.402921676635742,4.761275768280029,2.876085883950534,2.8760859966278076,12.30873966217041,3.0384700298309326
