,loss,mae,mse,rmse,val_loss,val_mae,val_mse,val_rmse
0,5.756757115979149,5.756756782531738,169.70870971679688,12.182304382324219,3.7577438423078355,3.7577435970306396,32.790042877197266,4.286299228668213
1,4.368735381135531,4.368735313415527,118.52975463867188,10.376408576965332,3.218038494619605,3.218038320541382,25.016254425048828,3.824575662612915
2,4.043198098331073,4.043198108673096,102.99989318847656,9.469924926757812,2.5154136732833026,2.515413522720337,15.606283187866211,3.3076162338256836
3,3.7636859695938645,3.763685703277588,88.98545837402344,8.945727348327637,2.408568123921956,2.4085679054260254,15.714947700500488,3.2015159130096436
4,3.4798700552584396,3.479870557785034,79.64521026611328,8.440004348754883,2.3549936248831553,2.3549935817718506,14.604961395263672,3.1864938735961914
