,loss,mae,mse,rmse,val_loss,val_mae,val_mse,val_rmse
0,4.320896374218697,4.320896625518799,128.98806762695312,10.511652946472168,2.192670480192524,2.1926703453063965,7.642817497253418,2.4668009281158447
1,3.13902482341638,3.1390249729156494,76.67658233642578,8.161035537719727,1.7502968597085509,1.750296950340271,5.693548202514648,2.021181344985962
2,2.614305387863814,2.614305257797241,55.64936447143555,6.809988975524902,1.5312821332722495,1.5312820672988892,4.8045430183410645,1.808504581451416
3,2.358922700228313,2.3589227199554443,42.27296829223633,5.947344779968262,1.2973959578634942,1.297395944595337,4.517990589141846,1.5947939157485962
4,2.1230392138801193,2.1230390071868896,34.283260345458984,5.41032600402832,1.5334792757687503,1.5334792137145996,5.026584625244141,1.7812062501907349
