,loss,mae,mse,rmse,val_loss,val_mae,val_mse,val_rmse
0,5.270178352914205,5.27017879486084,146.1420135498047,11.566877365112305,2.8234050254299214,2.8234050273895264,11.701793670654297,3.1076724529266357
1,3.766524072339705,3.766523838043213,93.23684692382812,9.017964363098145,2.2468115613885122,2.246811628341675,7.68881893157959,2.4936721324920654
2,3.3292781877532422,3.329277992248535,71.95343017578125,7.793288707733154,1.7472371264679791,1.7472370862960815,5.9398345947265625,2.0460031032562256
3,3.008274806800835,3.008275032043457,67.20313262939453,7.486443519592285,2.055260899622146,2.0552608966827393,7.663162708282471,2.423487424850464
4,2.801979750606446,2.8019800186157227,56.169151306152344,6.774473190307617,1.746301966497343,1.7463018894195557,5.970702648162842,2.047846555709839
