,loss,mae,mse,rmse,val_loss,val_mae,val_mse,val_rmse
0,4.362728146341646,4.362727642059326,114.81270599365234,9.592945098876953,7.688482088585422,7.68848180770874,74.55842590332031,7.781198978424072
1,3.273550914036537,3.2735512256622314,81.60065460205078,8.11561393737793,5.274537017247448,5.274536609649658,50.103275299072266,5.629397869110107
2,2.901042351614618,2.9010415077209473,63.25175094604492,7.150182247161865,1.4955583601781766,1.495558500289917,3.8174026012420654,1.756464958190918
3,2.607665028019576,2.6076643466949463,53.30421447753906,6.501829147338867,6.2892177692831375,6.289217472076416,68.88307189941406,6.637638092041016
4,2.410551934998942,2.4105522632598877,43.79376983642578,5.932889938354492,1.820523657782437,1.820523738861084,7.477853298187256,2.0644984245300293
