,loss,mae,mse,rmse,val_loss,val_mae,val_mse,val_rmse
0,146.74399018943416,5.935861110687256,146.7439727783203,11.580451011657715,22.956357658072694,3.807891845703125,22.956357955932617,4.44795560836792
1,102.40037904325952,4.740914344787598,102.4003677368164,9.68530559539795,63.126895752998244,7.0192975997924805,63.12689971923828,7.4530816078186035
2,87.77389616464504,4.344679355621338,87.77389526367188,8.893534660339355,61.60354964896424,6.473840713500977,61.603553771972656,6.852672100067139
3,75.23644200569748,4.05075216293335,75.2364273071289,8.330480575561523,11.32078549469987,2.1748106479644775,11.320786476135254,2.8201587200164795
4,68.36478082934565,3.918722152709961,68.36479187011719,7.878723621368408,11.804076513198957,2.1951475143432617,11.8040771484375,2.8232460021972656
5,65.79328538238656,3.6949474811553955,65.79328918457031,7.735320091247559,16.618734068413303,3.014702320098877,16.61873435974121,3.6395084857940674
6,61.100724803838894,3.642587900161743,61.10072708129883,7.515809059143066,16.392451026341686,3.0079238414764404,16.3924503326416,3.571955442428589
7,57.42268620312229,3.4814770221710205,57.42267990112305,7.34299898147583,13.864960814828741,2.631107807159424,13.864959716796875,3.2370309829711914
8,55.624967526463045,3.419919013977051,55.624969482421875,7.217142105102539,12.854089361347564,2.611675977706909,12.854089736938477,3.1973161697387695
