,loss,mae,mse,rmse
0,0.5418539204025904,0.5418539047241211,0.8615419268608093,0.8846184015274048
