,loss,mae,mse,rmse
0,0.5756609138606249,0.5756608247756958,0.916155219078064,0.9134730696678162
