,loss,mae,mse,rmse
0,0.5704348871383425,0.5704349875450134,0.8601008057594299,0.8920637965202332
