,loss,mae,mse,rmse
0,498.16969805744264,5.785356521606445,156.8819122314453,11.554662704467773
