,loss,mae,mse,rmse
0,13.417064741534485,2.626859664916992,22.463542938232422,4.288242340087891
