,loss,mae,mse,rmse
0,76.28106527396211,5.060783863067627,120.20030212402344,9.875846862792969
