,loss,mae,mse,rmse
0,1182.6860623290488,6.074066638946533,164.1588134765625,11.736135482788086
