,loss,mae,mse,rmse
0,167.99764251473437,3.961611270904541,60.68378448486328,6.940850257873535
