,loss,mae,mse,rmse
0,11.620095413457689,2.568042755126953,21.691162109375,4.192437648773193
