,loss,mae,mse,rmse
0,1219.7858965109072,8.38297176361084,247.72752380371094,14.974531173706055
