,loss,mae,mse,rmse
0,63.75797865780168,4.397831439971924,96.56315612792969,8.641209602355957
