,loss,mae,mse,rmse
0,145.70437512776115,2.5699470043182373,18.508441925048828,3.90529203414917
