,loss,mae,mse,rmse
0,42.776088908926575,3.0662307739257812,33.359622955322266,4.965544700622559
