,loss,mae,mse,rmse
0,18.385021500912814,2.7164595127105713,28.263803482055664,4.573555946350098
