,loss,mae,mse,rmse
0,16.615790972189977,3.138313055038452,32.06690216064453,5.252712249755859
