,loss,mae,mse,rmse
0,82.74858379216796,2.3642232418060303,15.304627418518066,3.5826454162597656
