,loss,mae,mse,rmse
0,75.11036140368874,5.140169620513916,117.62693786621094,9.789216041564941
