,loss,mae,mse,rmse
0,35.16487521542263,4.25301456451416,68.92545318603516,7.472202777862549
