,loss,mae,mse,rmse
0,116.26928561129074,3.4013969898223877,39.18366241455078,5.664104461669922
