,loss,mae,mse,rmse
0,71.76893126489793,4.811468601226807,107.3586196899414,9.413265228271484
