,loss,mae,mse,rmse
0,24.59627372020923,3.4049525260925293,43.8239860534668,5.929302215576172
