,loss,mae,mse,rmse
0,534.6003749996985,8.01650619506836,240.43971252441406,14.525151252746582
