,loss,mae,mse,rmse
0,11.605158909782652,2.469325304031372,20.7876033782959,4.050825595855713
