,loss,mae,mse,rmse
0,504.51658695853394,6.170557975769043,166.1688232421875,11.949289321899414
