,loss,mae,mse,rmse
0,28.873579889140256,2.953151226043701,27.37948226928711,4.67160177230835
