,loss,mae,mse,rmse
0,538.6883000712146,8.493066787719727,249.78372192382812,15.037283897399902
