,loss,mae,mse,rmse
0,1223.9295385960777,8.81588077545166,256.4261474609375,15.282155990600586
