,loss,mae,mse,rmse
0,39.49958265663187,4.150538444519043,72.6373519897461,7.661489963531494
