,loss,mae,mse,rmse
0,118.92404252535475,3.3804450035095215,43.6984748840332,5.678145408630371
