,loss,mae,mse,rmse
0,1224.056565701943,8.814474105834961,256.27008056640625,15.271381378173828
