,loss,mae,mse,rmse
0,469.3264397400034,4.766360759735107,102.19989776611328,9.145219802856445
