,loss,mae,mse,rmse
0,35.18249552350753,3.4912896156311035,41.92216873168945,5.909912109375
