,loss,mae,mse,rmse
0,15.819858919952194,2.737678289413452,23.686403274536133,4.496527671813965
