,loss,mae,mse,rmse
0,38.318534707390036,4.309434413909912,73.36791229248047,7.457553863525391
