,loss,mae,mse,rmse
0,1223.8269209925058,8.780888557434082,255.79527282714844,15.254822731018066
