,loss,mae,mse,rmse
0,9.357801726512903,2.323206901550293,16.304275512695312,3.7143187522888184
