,loss,mae,mse,rmse
0,15.662968448592984,2.694120168685913,23.899856567382812,4.343379020690918
