,loss,mae,mse,rmse
0,84.37352002701225,2.575425386428833,18.339569091796875,3.922783851623535
