,loss,mae,mse,rmse
0,116.98691926528069,3.4356212615966797,40.175540924072266,5.711190700531006
