,loss,mae,mse,rmse
0,14.144620125144305,2.707237720489502,23.596569061279297,4.380954742431641
