,loss,mae,mse,rmse
0,25.671629537068313,3.5051562786102295,45.168975830078125,6.046234130859375
