,loss,mae,mse,rmse
0,17.755970720819352,2.6667020320892334,27.104736328125,4.494897365570068
