,loss,mae,mse,rmse
0,19.14137786212767,3.165217638015747,36.037445068359375,5.444321155548096
