,loss,mae,mse,rmse
0,18.969529927163332,3.2796852588653564,36.36143112182617,5.576988220214844
