,loss,mae,mse,rmse
0,49.72950738975758,3.9332451820373535,61.83576202392578,6.990418910980225
