,loss,mae,mse,rmse
0,8.280899335219926,2.290154457092285,14.482124328613281,3.547447443008423
