,loss,mae,mse,rmse
0,47.74187208966511,3.953605890274048,59.60247039794922,6.904956340789795
