,loss,mae,mse,rmse
0,49.597813424007064,4.233193874359131,75.39110565185547,7.709779739379883
