,loss,mae,mse,rmse
0,44.15694467533367,3.115133285522461,35.25749969482422,5.086445331573486
