,loss,mae,mse,rmse
0,62.507227326146094,3.2928099632263184,39.2863883972168,5.601431846618652
