,loss,mae,mse,rmse
0,10.194734076947185,2.4814062118530273,16.574636459350586,3.8808181285858154
