,loss,mae,mse,rmse
0,54.426004705991446,3.4609475135803223,43.37724304199219,5.876173973083496
