,loss,mae,mse,rmse
0,531.148706608696,7.78083610534668,233.16552734375,14.295884132385254
