,loss,mae,mse,rmse
0,46.253903230571126,4.177858829498291,89.17964935302734,8.044648170471191
