,loss,mae,mse,rmse
0,35.90644353081614,3.462660789489746,44.4154167175293,5.907214164733887
