,loss,mae,mse,rmse
0,1222.378898297905,8.671335220336914,253.5562744140625,15.19338607788086
