,loss,mae,mse,rmse
0,84.05683535475464,2.459113597869873,16.67703628540039,3.6846282482147217
