,loss,mae,mse,rmse
0,90.22649076626087,5.628546237945557,150.3516845703125,11.356476783752441
