,loss,mae,mse,rmse
0,48.09057978694547,4.004311561584473,62.40995788574219,7.232393264770508
