,loss,mae,mse,rmse
0,46.76097963797748,4.577563762664795,88.48217010498047,8.511305809020996
