,loss,mae,mse,rmse
0,55.20933363120399,3.5521676540374756,44.837100982666016,5.984499454498291
