,loss,mae,mse,rmse
0,50.44179241301727,2.784115791320801,24.531747817993164,4.380908966064453
