,loss,mae,mse,rmse
0,8.688224149434866,2.373339891433716,15.956565856933594,3.7413299083709717
