,loss,mae,mse,rmse
0,91.66255208009848,4.703178405761719,86.39012908935547,8.395894050598145
