,loss,mae,mse,rmse
0,38.024006289146165,3.316164255142212,37.567726135253906,5.481914520263672
