,loss,mae,mse,rmse
0,538.9048698027217,8.49846076965332,250.1818389892578,15.091833114624023
