,loss,mae,mse,rmse
0,13.109218097756255,2.567657232284546,23.40733528137207,4.193592548370361
