,loss,mae,mse,rmse
0,73.60831670004411,4.005594253540039,59.2925910949707,7.038783073425293
