,loss,mae,mse,rmse
0,56.19611280676243,3.0308587551116943,29.669803619384766,4.796025276184082
