,loss,mae,mse,rmse
0,15.383417007473376,2.79506516456604,27.18726348876953,4.627702713012695
