,loss,mae,mse,rmse
0,15.63239381135927,2.760972499847412,25.91737937927246,4.608747482299805
