,loss,mae,mse,rmse
0,49.708727344019465,2.608518362045288,21.197664260864258,4.0243120193481445
