,loss,mae,mse,rmse
0,58.966800554846124,4.825666904449463,114.67180633544922,9.664983749389648
