,loss,mae,mse,rmse
0,92.43147278303127,3.1128597259521484,33.22837829589844,5.142733573913574
