,loss,mae,mse,rmse
0,94.97077596581398,3.3528189659118652,37.12448501586914,5.483375072479248
