,loss,mae,mse,rmse
0,24.35231241836854,3.0239031314849854,29.876956939697266,4.892648220062256
