,loss,mae,mse,rmse
0,26.606205501244297,2.7997307777404785,24.57485008239746,4.486373424530029
