,loss,mae,mse,rmse
0,70.93637100271548,3.6371753215789795,45.57725143432617,6.143543720245361
