,loss,mae,mse,rmse
0,155.9608793903479,3.2933735847473145,36.958656311035156,5.437659740447998
