,loss,mae,mse,rmse
0,33.82487484848621,4.043385028839111,66.04530334472656,7.448585033416748
