,loss,mae,mse,rmse
0,25.62717788298213,3.074950695037842,31.704090118408203,5.037939548492432
