,loss,mae,mse,rmse
0,28.94048048456939,3.1509041786193848,35.11863327026367,5.191940784454346
