,loss,mae,mse,rmse
0,165.94113678327128,3.8840341567993164,56.15497970581055,6.744482517242432
