,loss,mae,mse,rmse
0,156.59663239420473,3.2396035194396973,38.026641845703125,5.387856483459473
