,loss,mae,mse,rmse
0,8.808547539635917,2.300685167312622,15.372635841369629,3.6003730297088623
