,loss,mae,mse,rmse
0,16.424445197920107,3.0430643558502197,29.8901309967041,5.103079319000244
