,loss,mae,mse,rmse
0,97.9852127329587,2.5151631832122803,18.253314971923828,3.8136513233184814
