,loss,mae,mse,rmse
0,11.351660459635617,2.5007097721099854,21.60212516784668,4.096643924713135
