,loss,mae,mse,rmse
0,1210.583635651134,7.583418369293213,229.0209197998047,14.252290725708008
