,loss,mae,mse,rmse
0,41.76309889310229,2.9429688453674316,29.142505645751953,4.711054801940918
