,loss,mae,mse,rmse
0,47.43190792115539,2.5052592754364014,18.456575393676758,3.8685035705566406
