,loss,mae,mse,rmse
0,33.56046203302358,4.191916465759277,65.02327728271484,7.493735313415527
