,loss,mae,mse,rmse
0,88.08070010555934,5.3774309158325195,145.40402221679688,10.509387016296387
