,loss,mae,mse,rmse
0,145.48259219964297,2.5526318550109863,18.238262176513672,3.8732402324676514
