,loss,mae,mse,rmse
0,485.7595221910185,5.384701251983643,136.6570587158203,10.712515830993652
