,loss,mae,mse,rmse
0,54.15728372996072,2.812027931213379,23.55750274658203,4.420257091522217
