,loss,mae,mse,rmse
0,104.44133139996295,3.7930679321289062,56.661006927490234,6.628964424133301
