,loss,mae,mse,rmse
0,30.166023089511043,2.910684823989868,28.031848907470703,4.714841842651367
