,loss,mae,mse,rmse
0,53.93963997096844,3.4726760387420654,43.7160758972168,5.919906139373779
