,loss,mae,mse,rmse
0,540.7636088800857,8.733221054077148,254.39308166503906,15.227383613586426
