,loss,mae,mse,rmse
0,61.93633984444722,3.1558446884155273,36.18330383300781,5.206251621246338
