,loss,mae,mse,rmse
0,143.16062556493793,2.323080062866211,14.1268310546875,3.417799711227417
