,loss,mae,mse,rmse
0,1185.5393403710757,6.438177585601807,174.5460968017578,12.181313514709473
