,loss,mae,mse,rmse
0,38.525888957076326,3.653566598892212,49.906253814697266,6.17687463760376
