,loss,mae,mse,rmse
0,36.32663521938907,3.3420987129211426,43.19075012207031,6.009507179260254
