,loss,mae,mse,rmse
0,157.48598248209987,3.388545274734497,39.75655746459961,5.557077407836914
