,loss,mae,mse,rmse
0,463.76882675467687,4.555460453033447,90.77281951904297,8.524084091186523
