,loss,mae,mse,rmse
0,33.35784674559378,2.887927770614624,24.059892654418945,4.487513065338135
