,loss,mae,mse,rmse
0,541.0036648794176,8.757637977600098,254.9665985107422,15.251264572143555
