,loss,mae,mse,rmse
0,28.324963255479183,2.8886704444885254,25.868314743041992,4.60649299621582
