,loss,mae,mse,rmse
0,32.45534452136264,3.1748616695404053,35.259178161621094,5.39886999130249
