,loss,mae,mse,rmse
0,9.414718762191956,2.3232693672180176,16.20787811279297,3.6550726890563965
