,loss,mae,mse,rmse
0,156.8608212637364,3.316950559616089,38.6143913269043,5.487775802612305
