,loss,mae,mse,rmse
0,23.756138828957145,2.74670672416687,24.16117286682129,4.320171356201172
