,loss,mae,mse,rmse
0,47.410169106201096,2.7066731452941895,21.555450439453125,4.199131488800049
