,loss,mae,mse,rmse
0,53.91658482399941,2.914238929748535,25.560850143432617,4.511487007141113
