,loss,mae,mse,rmse
0,27.331420577503568,3.086291551589966,33.03989791870117,5.021414756774902
