,loss,mae,mse,rmse
0,19.75775734765105,3.167959690093994,35.30758285522461,5.48105001449585
