,loss,mae,mse,rmse
0,31.940016536588985,4.071760177612305,61.34296417236328,7.310276508331299
