,loss,mae,mse,rmse
0,1221.8094197126331,8.61191463470459,251.70982360839844,15.122014999389648
