,loss,mae,mse,rmse
0,28.73499830787143,3.62688946723938,54.26955032348633,6.739445686340332
