,loss,mae,mse,rmse
0,35.94826281913529,2.918383836746216,29.0592098236084,4.685832977294922
