,loss,mae,mse,rmse
0,12.575604431420869,2.5906081199645996,23.359130859375,4.248716354370117
