,loss,mae,mse,rmse
0,49.19067888533712,2.5763943195343018,18.4814453125,3.921215057373047
