,loss,mae,mse,rmse
0,11.679577484731507,2.489215850830078,20.888317108154297,4.049493312835693
