,loss,mae,mse,rmse
0,62.55934978554594,3.210921287536621,39.158626556396484,5.447704315185547
