,loss,mae,mse,rmse
0,125.13542598336889,3.9261529445648193,54.66409683227539,6.689301013946533
