,loss,mae,mse,rmse
0,21.13961960291119,3.224987268447876,38.04092025756836,5.788005828857422
