,loss,mae,mse,rmse
0,104.07345185805413,2.7306485176086426,22.842397689819336,4.234690189361572
