,loss,mae,mse,rmse
0,141.97972342010337,2.2154321670532227,13.198827743530273,3.328711748123169
