,loss,mae,mse,rmse
0,12.564567644237625,2.570405960083008,20.575292587280273,4.164661407470703
