,loss,mae,mse,rmse
0,70.62845365424774,3.8611130714416504,53.45323944091797,6.689356327056885
