,loss,mae,mse,rmse
0,539.0353459131206,8.345372200012207,249.2516632080078,14.873183250427246
