,loss,mae,mse,rmse
0,82.38489925128953,2.3894009590148926,16.246219635009766,3.601860523223877
