,loss,mae,mse,rmse
0,21.546719605556863,2.860241174697876,25.176084518432617,4.586528778076172
