,loss,mae,mse,rmse
0,85.73180703860663,2.607980251312256,19.124242782592773,4.012899875640869
