,loss,mae,mse,rmse
0,55.63022741074546,4.300048828125,80.97633361816406,8.2203950881958
