,loss,mae,mse,rmse
0,22.671570417210436,3.422611951828003,40.359596252441406,5.760692119598389
