,loss,mae,mse,rmse
0,108.72399201824474,6.689609527587891,188.72769165039062,12.685529708862305
