,loss,mae,mse,rmse
0,15.537831038227417,2.576262950897217,22.692480087280273,4.270785331726074
