,loss,mae,mse,rmse
0,70.54912229598618,3.5330650806427,43.590728759765625,5.793616771697998
