,loss,mae,mse,rmse
0,38.77042483194038,4.240218162536621,74.97886657714844,7.718089580535889
