,loss,mae,mse,rmse
0,21.720951127431835,3.3797926902770996,37.01469421386719,5.700423240661621
