,loss,mae,mse,rmse
0,55.87528257025507,2.892721652984619,27.242136001586914,4.559126377105713
