,loss,mae,mse,rmse
0,135.60413397576713,4.220512390136719,74.04914093017578,7.560746669769287
