,loss,mae,mse,rmse
0,43.91676795066746,4.313546180725098,83.37090301513672,7.896937847137451
