,loss,mae,mse,rmse
0,46.471420747404224,3.8506669998168945,59.37299346923828,7.158585071563721
