,loss,mae,mse,rmse
0,1220.525360399501,8.379820823669434,248.38748168945312,15.013629913330078
