,loss,mae,mse,rmse
0,20.707653294746137,2.8737475872039795,27.505752563476562,4.566056728363037
