,loss,mae,mse,rmse
0,130.55022942736474,4.121309757232666,65.1453857421875,7.24202823638916
