,loss,mae,mse,rmse
0,72.65153624018463,4.574942111968994,87.25942993164062,8.385629653930664
