,loss,mae,mse,rmse
0,102.48441944787737,3.8557379245758057,52.870765686035156,6.744107246398926
