,loss,mae,mse,rmse
0,36.35965309720159,3.4156274795532227,42.805206298828125,6.102647304534912
