,loss,mae,mse,rmse
0,54.357142484640775,2.82391357421875,24.607580184936523,4.477277755737305
