,loss,mae,mse,rmse
0,7.4374942414441865,2.281491756439209,13.713083267211914,3.452756404876709
