,loss,mae,mse,rmse
0,115.39824959877723,3.344148635864258,38.20317459106445,5.554647445678711
