,loss,mae,mse,rmse
0,48.147198751554996,2.687272787094116,21.510215759277344,4.147984981536865
