,loss,mae,mse,rmse
0,37.70427309550338,3.5789566040039062,46.00971221923828,6.103097915649414
