,loss,mae,mse,rmse
0,16.64029190355556,2.7909584045410156,28.76861572265625,4.749759674072266
