,loss,mae,mse,rmse
0,11.739112795705816,2.4933910369873047,18.331314086914062,3.924734354019165
