,loss,mae,mse,rmse
0,13.91559626710897,2.834456205368042,23.553756713867188,4.585531711578369
