,loss,mae,mse,rmse
0,91.40154744990632,3.136557102203369,30.829389572143555,5.161387920379639
