,loss,mae,mse,rmse
0,23.09189334773988,3.3974504470825195,40.216060638427734,5.835306644439697
