,loss,mae,mse,rmse
0,1221.3533739194195,8.557541847229004,251.35232543945312,15.119979858398438
