,loss,mae,mse,rmse
0,84.92834692422385,2.546297073364258,18.305282592773438,3.8921470642089844
