,loss,mae,mse,rmse
0,30.94331287785642,3.9771580696105957,58.5826416015625,6.889861583709717
