,loss,mae,mse,rmse
0,1221.5577010425309,8.510856628417969,250.71246337890625,15.096490859985352
