,loss,mae,mse,rmse
0,165.7471152691607,3.809079885482788,56.30397415161133,6.849192142486572
