,loss,mae,mse,rmse
0,52.34218793152364,2.756202459335327,22.220794677734375,4.281900882720947
