,loss,mae,mse,rmse
0,163.76126915041624,3.843707799911499,52.62169647216797,6.647071838378906
