,loss,mae,mse,rmse
0,31.252613385616538,2.980464458465576,28.811986923217773,4.759939193725586
