,loss,mae,mse,rmse
0,23.208808702243335,3.3687238693237305,42.03708267211914,6.100935935974121
