,loss,mae,mse,rmse
0,48.51967209583081,3.949566602706909,59.564674377441406,6.944019794464111
