,loss,mae,mse,rmse
0,20.28660290710129,2.851898431777954,25.997421264648438,4.502734661102295
