,loss,mae,mse,rmse
0,34.555480143213465,2.8306829929351807,24.260250091552734,4.372663497924805
