,loss,mae,mse,rmse
0,30.761947786119773,3.8664910793304443,57.65018081665039,6.81644344329834
