,loss,mae,mse,rmse
0,23.63078148757355,2.868476152420044,28.1086483001709,4.610930919647217
