,loss,mae,mse,rmse
0,26.992776642835004,2.8201496601104736,26.83584976196289,4.488747596740723
