,loss,mae,mse,rmse
0,56.192246973238525,3.0049455165863037,27.562015533447266,4.76920747756958
