,loss,mae,mse,rmse
0,30.801000175228747,4.0221028327941895,59.039222717285156,7.043241024017334
