,loss,mae,mse,rmse
0,48.85361198408805,2.6895875930786133,23.686933517456055,4.266978740692139
