,loss,mae,mse,rmse
0,97.77728333904552,2.4840164184570312,17.60930061340332,3.7638351917266846
