,loss,mae,mse,rmse
0,21.20606002030309,3.298360586166382,38.55656814575195,5.55391788482666
