,loss,mae,mse,rmse
0,141.34398992902962,2.240138530731201,11.821075439453125,3.2276337146759033
