,loss,mae,mse,rmse
0,70.76572374400992,4.497677326202393,78.99444580078125,7.910656452178955
