,loss,mae,mse,rmse
0,8.412721648338438,2.3391032218933105,15.413315773010254,3.6288256645202637
