,loss,mae,mse,rmse
0,36.89406554129949,4.1067986488342285,69.71644592285156,7.341433525085449
