,loss,mae,mse,rmse
0,69.89717036568481,4.3997111320495605,82.84000396728516,8.045822143554688
