,loss,mae,mse,rmse
0,9.094230109506567,2.3645431995391846,16.551645278930664,3.7516252994537354
