,loss,mae,mse,rmse
0,91.05097421550133,3.1457130908966064,30.416793823242188,5.065218925476074
