,loss,mae,mse,rmse
0,47.71752060633745,2.5372157096862793,18.70368003845215,3.8676326274871826
