,loss,mae,mse,rmse
0,39.781253652169255,4.384223461151123,77.3817138671875,7.823424816131592
