,loss,mae,mse,rmse
0,59.43067579396016,4.327471733093262,81.23950958251953,8.311816215515137
