,loss,mae,mse,rmse
0,33.76087742258127,4.091766834259033,65.6103515625,7.141310691833496
