,loss,mae,mse,rmse
0,21.24892634821365,3.2359237670898438,35.83375549316406,5.472970008850098
