,loss,mae,mse,rmse
0,48.41751640392844,4.39728307723999,74.01644134521484,7.856942176818848
