,loss,mae,mse,rmse
0,81.3395130643877,2.269585132598877,13.892630577087402,3.392422914505005
