,loss,mae,mse,rmse
0,17.816842241985043,3.1731653213500977,34.515602111816406,5.374331474304199
