,loss,mae,mse,rmse
0,14.409271420428473,2.5560057163238525,20.615631103515625,4.119893550872803
