,loss,mae,mse,rmse
0,15.281746048440018,2.603134870529175,24.972930908203125,4.41564416885376
