,loss,mae,mse,rmse
0,53.07294546081977,4.17407751083374,69.62751007080078,7.456370830535889
