,loss,mae,mse,rmse
0,36.78209569683116,2.927213191986084,27.299976348876953,4.664139747619629
