,loss,mae,mse,rmse
0,43.06951933387033,3.1315648555755615,32.40398406982422,5.007891654968262
