,loss,mae,mse,rmse
0,74.18316632253442,4.557705402374268,89.94744110107422,8.263998985290527
