,loss,mae,mse,rmse
0,78.3172178677697,3.8694984912872314,67.70423889160156,7.18694543838501
