,loss,mae,mse,rmse
0,485.00521910886187,5.073391437530518,114.80760955810547,9.820960998535156
