,loss,mae,mse,rmse
0,10.278338395213227,2.5241944789886475,18.542470932006836,3.964689254760742
