,loss,mae,mse,rmse
0,17.60028447748592,3.2613472938537598,33.856117248535156,5.420641899108887
