,loss,mae,mse,rmse
0,37.93164466700093,3.2937240600585938,37.535091400146484,5.510756969451904
