,loss,mae,mse,rmse
0,50.55956295987418,4.098991394042969,64.57070922851562,7.307512283325195
