,loss,mae,mse,rmse
0,38.82328827007938,3.286907911300659,38.92503356933594,5.634212493896484
