,loss,mae,mse,rmse
0,104.57448073337386,2.710294723510742,22.05234146118164,4.224331855773926
