,loss,mae,mse,rmse
0,71.75948574234579,3.8328495025634766,55.70149612426758,6.700047016143799
