,loss,mae,mse,rmse
0,68.71868377572484,3.4610118865966797,40.31269836425781,5.793601989746094
