,loss,mae,mse,rmse
0,57.203251105247,4.634128093719482,91.13375854492188,8.39867877960205
