,loss,mae,mse,rmse
0,35.911959917540166,3.9662020206451416,67.91525268554688,7.167050838470459
