,loss,mae,mse,rmse
0,1222.5521225913067,8.643540382385254,253.12548828125,15.145798683166504
