,loss,mae,mse,rmse
0,104.01916472578387,2.7622199058532715,21.24051856994629,4.228044033050537
