,loss,mae,mse,rmse
0,69.11995506463282,3.542362689971924,41.562904357910156,5.858868598937988
