,loss,mae,mse,rmse
0,38.5655003235862,3.3295986652374268,37.87592697143555,5.600919246673584
