,loss,mae,mse,rmse
0,86.43561165065594,4.384126663208008,80.7773666381836,7.96280574798584
