,loss,mae,mse,rmse
0,12.232133225255192,2.4845001697540283,19.016881942749023,3.963705539703369
