,loss,mae,mse,rmse
0,84.47117625581295,4.34222936630249,78.47211456298828,7.88157320022583
