,loss,mae,mse,rmse
0,510.10442901356936,6.6310577392578125,185.04380798339844,12.578420639038086
