,loss,mae,mse,rmse
0,28.444347941017917,2.9682204723358154,27.034074783325195,4.870605945587158
