,loss,mae,mse,rmse
0,130.9190102765942,3.9164376258850098,66.65684509277344,6.959210395812988
