,loss,mae,mse,rmse
0,23.122537790164788,2.6633059978485107,22.25324249267578,4.190080165863037
