,loss,mae,mse,rmse
0,15.732237631246313,2.6695075035095215,23.676206588745117,4.420131683349609
