,loss,mae,mse,rmse
0,103.41276907383494,2.7066287994384766,20.911008834838867,4.192213535308838
