,loss,mae,mse,rmse
0,1222.4219101625815,8.671195030212402,253.323486328125,15.181754112243652
