,loss,mae,mse,rmse
0,38.91805254849949,4.275938987731934,76.9084243774414,7.803168773651123
