,loss,mae,mse,rmse
0,49.27389824099657,4.311890125274658,76.69637298583984,7.72459602355957
