,loss,mae,mse,rmse
0,146.02328658921,2.597740650177002,18.3000545501709,3.9411017894744873
