,loss,mae,mse,rmse
0,504.1550439385287,6.413088798522949,175.20907592773438,12.137733459472656
