,loss,mae,mse,rmse
0,44.6353924142685,4.229867458343506,85.76335906982422,8.204092979431152
