,loss,mae,mse,rmse
0,1216.3116305835015,7.956803321838379,239.6487274169922,14.723503112792969
