,loss,mae,mse,rmse
0,12.408486416620324,2.5876972675323486,23.39185333251953,4.331835746765137
