,loss,mae,mse,rmse
0,21.577345195321545,3.3653411865234375,40.017547607421875,5.799305438995361
