,loss,mae,mse,rmse
0,102.11790885112653,3.6444032192230225,51.972869873046875,6.49926233291626
