,loss,mae,mse,rmse
0,142.3866816559262,2.2982594966888428,13.011056900024414,3.3267219066619873
