,loss,mae,mse,rmse
0,83.7806307729949,2.4673686027526855,16.97258949279785,3.7841901779174805
