,loss,mae,mse,rmse
0,18.274827024972744,3.1551513671875,34.160831451416016,5.453159332275391
