,loss,mae,mse,rmse
0,53.38650920546397,2.8213629722595215,24.09723472595215,4.438685417175293
