,loss,mae,mse,rmse
0,107.30146247555201,3.9065144062042236,61.9234619140625,7.089182376861572
