,loss,mae,mse,rmse
0,1220.8739149724308,8.467345237731934,250.0107879638672,15.052474975585938
