,loss,mae,mse,rmse
0,54.006628912148116,3.43827748298645,41.981571197509766,5.845951080322266
