,loss,mae,mse,rmse
0,86.5779762915823,4.442117214202881,80.27848815917969,7.912673473358154
