,loss,mae,mse,rmse
0,527.3110225685734,7.569209575653076,225.2818145751953,14.008954048156738
