,loss,mae,mse,rmse
0,98.66071696927717,2.518059730529785,17.88481330871582,3.8481202125549316
