,loss,mae,mse,rmse
0,21.25042348321701,3.270059585571289,37.56966018676758,5.574545860290527
