,loss,mae,mse,rmse
0,31.138582381542616,3.7495172023773193,59.24747085571289,6.858335971832275
