,loss,mae,mse,rmse
0,18.955491010330828,3.1063313484191895,34.359397888183594,5.452275276184082
