,loss,mae,mse,rmse
0,18.33481115380641,2.799611806869507,28.803401947021484,4.655904293060303
