,loss,mae,mse,rmse
0,18.510852089411095,3.1172103881835938,34.333946228027344,5.337320804595947
