,loss,mae,mse,rmse
0,145.74080214422403,2.5829522609710693,18.07768440246582,3.9585652351379395
