,loss,mae,mse,rmse
0,34.77751842197278,3.915897846221924,66.42266845703125,7.512893199920654
