,loss,mae,mse,rmse
0,61.42469270805696,3.1976215839385986,36.43320846557617,5.334446907043457
