,loss,mae,mse,rmse
0,98.91078127148197,2.5067696571350098,16.989105224609375,3.7672038078308105
