,loss,mae,mse,rmse
0,1204.7278785832582,8.409531593322754,235.19198608398438,14.560137748718262
