,loss,mae,mse,rmse
0,24.56731672742126,3.5750131607055664,46.04018020629883,5.94468879699707
