,loss,mae,mse,rmse
0,44.66496969301349,4.5877485275268555,86.74229431152344,7.946747779846191
