,loss,mae,mse,rmse
0,1146.222301826096,5.132138252258301,110.89266967773438,9.337583541870117
