,loss,mae,mse,rmse
0,84.0426403388596,4.754917144775391,95.50145721435547,8.197578430175781
