,loss,mae,mse,rmse
0,461.3436037459463,4.700042724609375,180.53358459472656,9.314438819885254
