,loss,mae,mse,rmse
0,84.42950445380512,2.9353809356689453,28.54550552368164,4.741088390350342
