,loss,mae,mse,rmse
0,47.37241879208106,4.183627128601074,72.69696807861328,7.728329181671143
