,loss,mae,mse,rmse
0,63.557620278209214,4.893300533294678,94.50164031982422,8.368727684020996
