,loss,mae,mse,rmse
0,90.90850621772792,2.8565568923950195,24.5152530670166,4.326310634613037
