,loss,mae,mse,rmse
0,12.380002584891367,2.6405692100524902,21.789091110229492,4.170248508453369
