,loss,mae,mse,rmse
0,17.16310929775767,3.0591630935668945,31.261119842529297,4.962491989135742
