,loss,mae,mse,rmse
0,20.64760556575593,3.254833698272705,36.2821044921875,5.2851152420043945
