,loss,mae,mse,rmse
0,462.6535835562483,7.175558567047119,199.47471618652344,13.157174110412598
