,loss,mae,mse,rmse
0,9.81926423251695,2.2704355716705322,14.903910636901855,3.416815996170044
