,loss,mae,mse,rmse
0,36.638573577745376,3.2664244174957275,36.629032135009766,5.295068264007568
