,loss,mae,mse,rmse
0,25.857611153419487,3.1096465587615967,31.16600227355957,5.016833305358887
