,loss,mae,mse,rmse
0,18.335973876165628,3.235992908477783,33.05529022216797,5.172671794891357
