,loss,mae,mse,rmse
0,52.604103397449826,4.0983147621154785,70.36859893798828,7.076962471008301
