,loss,mae,mse,rmse
0,33.77452176313157,3.383553981781006,48.03812026977539,6.0473713874816895
