,loss,mae,mse,rmse
0,34.05676197979215,3.612642288208008,48.99249267578125,6.08068323135376
