,loss,mae,mse,rmse
0,89.87668590990208,2.8338518142700195,22.61309242248535,4.348810195922852
