,loss,mae,mse,rmse
0,95.00597834613559,3.0213253498077393,28.28154182434082,4.756159782409668
