,loss,mae,mse,rmse
0,43.60545131130832,4.456611633300781,83.15401458740234,7.592620372772217
