,loss,mae,mse,rmse
0,93.02878553197863,4.957071304321289,106.98004913330078,8.535767555236816
