,loss,mae,mse,rmse
0,142.59168799735863,2.908874273300171,26.279247283935547,4.479785442352295
