,loss,mae,mse,rmse
0,54.05697358329341,3.466325044631958,41.943973541259766,5.717260360717773
