,loss,mae,mse,rmse
0,66.09306395146479,5.057296276092529,108.0013427734375,8.781907081604004
