,loss,mae,mse,rmse
0,69.19443423475462,4.38551664352417,79.59628295898438,7.500087738037109
