,loss,mae,mse,rmse
0,39.92438896805809,3.8364899158477783,59.51836013793945,6.924091339111328
