,loss,mae,mse,rmse
0,51.14591042606468,4.948669910430908,99.55570983886719,8.480476379394531
