,loss,mae,mse,rmse
0,70.9800733403281,5.225750923156738,118.3432846069336,9.067427635192871
