,loss,mae,mse,rmse
0,24.031819746840938,3.0673234462738037,28.673866271972656,4.859057903289795
