,loss,mae,mse,rmse
0,445.14140328291916,5.946605205535889,158.15357971191406,11.404288291931152
