,loss,mae,mse,rmse
0,27.171933274687195,3.677966594696045,51.032840728759766,6.2237868309021
