,loss,mae,mse,rmse
0,13.807054496367154,2.811513900756836,24.685495376586914,4.4320549964904785
