,loss,mae,mse,rmse
0,99.90459796935154,3.874603033065796,57.85701370239258,6.491153717041016
