,loss,mae,mse,rmse
0,20.39081320725588,3.063991069793701,28.592077255249023,4.951661109924316
