,loss,mae,mse,rmse
0,71.54776006480566,5.034520626068115,110.56936645507812,8.485645294189453
