,loss,mae,mse,rmse
0,13.086549881692731,2.854461669921875,24.677751541137695,4.561140537261963
