,loss,mae,mse,rmse
0,14.056992694884373,2.7556633949279785,22.814847946166992,4.466707229614258
