,loss,mae,mse,rmse
0,48.889656532617835,3.115764617919922,31.04246711730957,4.918584823608398
