,loss,mae,mse,rmse
0,423.8095724124887,4.959095478057861,100.91162109375,8.969806671142578
