,loss,mae,mse,rmse
0,13.05782080596348,2.889709711074829,23.906064987182617,4.521985054016113
