,loss,mae,mse,rmse
0,52.79091215398282,3.1872305870056152,36.35503387451172,5.020651817321777
