,loss,mae,mse,rmse
0,29.382442926328533,3.723733901977539,54.40932083129883,6.418134689331055
