,loss,mae,mse,rmse
0,1206.6492483666152,8.302687644958496,233.7256317138672,14.488283157348633
