,loss,mae,mse,rmse
0,115.21910276423549,4.624770641326904,88.86449432373047,7.833130359649658
