,loss,mae,mse,rmse
0,13.320854746408918,2.6690380573272705,22.714832305908203,4.251440048217773
