,loss,mae,mse,rmse
0,31.744114118993085,3.3272809982299805,38.08940505981445,5.53077507019043
