,loss,mae,mse,rmse
0,13.62694613809194,2.8268702030181885,23.3966007232666,4.607308387756348
