,loss,mae,mse,rmse
0,143.05925109727798,2.8877861499786377,27.818904876708984,4.515351295471191
