,loss,mae,mse,rmse
0,21.981160215744037,3.345585584640503,37.34599304199219,5.417895793914795
