,loss,mae,mse,rmse
0,36.46024435341821,3.3518178462982178,38.168113708496094,5.340988636016846
