,loss,mae,mse,rmse
0,1126.4793642236707,4.303595066070557,69.92874908447266,7.560966491699219
