,loss,mae,mse,rmse
0,111.49579461168634,4.456936836242676,80.32197570800781,7.577561378479004
