,loss,mae,mse,rmse
0,50.15451876251864,3.1295108795166016,32.209346771240234,5.014690399169922
