,loss,mae,mse,rmse
0,87.91276033763484,5.367915153503418,122.89043426513672,9.196977615356445
