,loss,mae,mse,rmse
0,26.121437005012336,3.653071880340576,50.31196594238281,6.05204963684082
