,loss,mae,mse,rmse
0,466.3114846215793,7.46370792388916,208.5152587890625,13.565999984741211
