,loss,mae,mse,rmse
0,45.49799075110771,3.570725440979004,44.85820770263672,5.880204677581787
