,loss,mae,mse,rmse
0,41.25790283338608,4.227361679077148,78.5412826538086,7.343279838562012
