,loss,mae,mse,rmse
0,135.2015903485602,4.824476718902588,99.94853210449219,8.430059432983398
