,loss,mae,mse,rmse
0,48.93416976928711,4.12397575378418,70.46440124511719,7.079864501953125
