,loss,mae,mse,rmse
0,34.521108836894825,3.624641180038452,48.65570831298828,6.076244354248047
