,loss,mae,mse,rmse
0,92.50112235083034,2.947981834411621,27.136934280395508,4.574550628662109
