,loss,mae,mse,rmse
0,81.7001543542521,4.7040019035339355,87.30757141113281,8.0475492477417
