,loss,mae,mse,rmse
0,73.07876233387735,4.092719554901123,65.47981262207031,6.7998433113098145
