,loss,mae,mse,rmse
0,24.9754695807657,3.284266233444214,36.40452194213867,5.351681232452393
