,loss,mae,mse,rmse
0,47.29754086578064,2.9868266582489014,28.282196044921875,4.753758907318115
