,loss,mae,mse,rmse
0,37.72556818497432,4.0791401863098145,70.17481994628906,7.113334655761719
