,loss,mae,mse,rmse
0,96.13375598767753,3.0455574989318848,28.99787712097168,4.879917621612549
