,loss,mae,mse,rmse
0,23.027683820629225,3.3360016345977783,41.54191207885742,5.876254558563232
