,loss,mae,mse,rmse
0,1206.4696302339848,8.604279518127441,240.8520965576172,14.734652519226074
