,loss,mae,mse,rmse
0,45.183678968897404,2.914050340652466,26.978208541870117,4.609536647796631
