,loss,mae,mse,rmse
0,69.60564395510794,4.458888530731201,80.70996856689453,7.564159870147705
