,loss,mae,mse,rmse
0,27.655145342421452,3.7930736541748047,53.35843276977539,6.309940814971924
