,loss,mae,mse,rmse
0,21.33908055651598,3.284191608428955,35.944091796875,5.322094917297363
