,loss,mae,mse,rmse
0,180.52748766696942,4.723228931427002,100.10323333740234,8.144285202026367
