,loss,mae,mse,rmse
0,170.25591272148785,4.394447326660156,79.72064208984375,7.793127536773682
