,loss,mae,mse,rmse
0,66.95199330294966,4.898719310760498,100.6331558227539,8.393396377563477
