,loss,mae,mse,rmse
0,1131.6806498367698,4.6094560623168945,82.3211441040039,8.289619445800781
