,loss,mae,mse,rmse
0,16.644119433107704,3.1043081283569336,31.10894203186035,4.938952922821045
