,loss,mae,mse,rmse
0,111.77824323105891,4.415371417999268,82.78681945800781,7.686084747314453
