,loss,mae,mse,rmse
0,52.05696732566571,3.3881518840789795,38.6126708984375,5.547545433044434
