,loss,mae,mse,rmse
0,17.894054202207847,3.123729705810547,33.6922607421875,5.102391719818115
