,loss,mae,mse,rmse
0,1165.6641740026273,6.171201229095459,151.77525329589844,11.451345443725586
