,loss,mae,mse,rmse
0,16.496251714877893,3.035309314727783,29.99779510498047,4.972111225128174
