,loss,mae,mse,rmse
0,29.0581474198353,3.223121404647827,34.73508071899414,5.281394004821777
