,loss,mae,mse,rmse
0,33.11750757045937,3.4226632118225098,39.56922912597656,5.6794047355651855
