,loss,mae,mse,rmse
0,27.705066922237553,3.1711807250976562,34.651432037353516,5.50274658203125
