,loss,mae,mse,rmse
0,16.99442597578686,2.946147918701172,29.016870498657227,4.863828659057617
