,loss,mae,mse,rmse
0,155.54284603614258,3.8194336891174316,50.42596435546875,6.202360153198242
