,loss,mae,mse,rmse
0,78.13606172449448,4.669015407562256,82.88349151611328,8.005796432495117
