,loss,mae,mse,rmse
0,73.88960621756533,4.1803765296936035,68.398193359375,7.040114879608154
