,loss,mae,mse,rmse
0,29.505935660477615,3.440854549407959,41.663387298583984,5.725830078125
