,loss,mae,mse,rmse
0,81.80986129642194,2.834916591644287,24.266498565673828,4.4532647132873535
