,loss,mae,mse,rmse
0,96.10803792532224,3.7013373374938965,50.52178192138672,6.090449810028076
