,loss,mae,mse,rmse
0,400.48918736126524,3.873450517654419,55.76619338989258,6.713382244110107
