,loss,mae,mse,rmse
0,49.19198243017334,3.126314401626587,32.014556884765625,5.037941932678223
