,loss,mae,mse,rmse
0,28.21043984289307,3.0736234188079834,35.44086837768555,5.2275519371032715
