,loss,mae,mse,rmse
0,114.68053599705839,3.8531484603881836,55.6738166809082,6.541751384735107
