,loss,mae,mse,rmse
0,44.16732096169289,3.7050282955169678,62.18029022216797,6.796979904174805
