,loss,mae,mse,rmse
0,20.50431351233005,3.2995009422302246,36.85331344604492,5.410343170166016
