,loss,mae,mse,rmse
0,12.851605118974861,2.7934060096740723,23.596233367919922,4.434373378753662
