,loss,mae,mse,rmse
0,166.2357426007236,4.340415000915527,72.3995590209961,7.49959135055542
