,loss,mae,mse,rmse
0,22.448093096768023,3.3014369010925293,37.32950210571289,5.382887840270996
