,loss,mae,mse,rmse
0,24.771870808913626,2.99459171295166,28.80756187438965,4.955775737762451
