,loss,mae,mse,rmse
0,1206.0712318886133,8.504059791564941,236.89024353027344,14.624234199523926
