,loss,mae,mse,rmse
0,92.64486109641496,5.00128173828125,108.43074035644531,8.681982040405273
