,loss,mae,mse,rmse
0,95.39038991981023,3.6594934463500977,48.829139709472656,6.054222583770752
