,loss,mae,mse,rmse
0,426.22522507814665,5.302638053894043,110.46009826660156,9.653535842895508
