,loss,mae,mse,rmse
0,34.994441918871644,3.989840507507324,65.16864776611328,6.8025736808776855
