,loss,mae,mse,rmse
0,78.19830124968297,2.5792622566223145,18.140546798706055,3.9262166023254395
