,loss,mae,mse,rmse
0,51.6926854119846,4.302510738372803,77.17170715332031,7.46774435043335
