,loss,mae,mse,rmse
0,70.6313204410735,4.602881908416748,83.66205596923828,7.8732380867004395
