,loss,mae,mse,rmse
0,20.435237022933368,2.6569368839263916,22.077327728271484,4.321567058563232
