,loss,mae,mse,rmse
0,20.294346953338046,3.2718417644500732,33.53875732421875,5.222311019897461
