,loss,mae,mse,rmse
0,68.36468905534649,4.4372429847717285,78.23517608642578,7.639553546905518
