,loss,mae,mse,rmse
0,44.70295352491237,4.777523994445801,87.26219940185547,7.997666835784912
