,loss,mae,mse,rmse
0,21.286091147199453,3.2930548191070557,38.10152053833008,5.66975736618042
