,loss,mae,mse,rmse
0,23.02198252005794,3.3351709842681885,41.43820571899414,5.411379814147949
