,loss,mae,mse,rmse
0,22.632564986056412,3.1837706565856934,37.58525848388672,5.182012557983398
