,loss,mae,mse,rmse
0,21.77907716685474,3.386622190475464,40.26853561401367,5.828975200653076
