,loss,mae,mse,rmse
0,32.96369642687426,3.9136571884155273,64.68048095703125,6.730679512023926
