,loss,mae,mse,rmse
0,12.397770101037063,2.6019179821014404,21.54476547241211,4.3244757652282715
