,loss,mae,mse,rmse
0,19.507966278660444,3.2718732357025146,35.73149490356445,5.358215808868408
