,loss,mae,mse,rmse
0,430.875762634616,5.335621356964111,125.9687728881836,10.336089134216309
