,loss,mae,mse,rmse
0,98.65713335009711,5.34116792678833,118.93426513671875,9.045072555541992
