,loss,mae,mse,rmse
0,32.94436190157434,3.355787754058838,41.18788528442383,5.536404609680176
