,loss,mae,mse,rmse
0,18.264028923889907,2.5333425998687744,17.88823890686035,4.053454399108887
