,loss,mae,mse,rmse
0,396.58732759092544,3.8458006381988525,58.29518127441406,6.879082202911377
