,loss,mae,mse,rmse
0,45.92944723334614,3.208437204360962,33.10633087158203,5.073005676269531
