,loss,mae,mse,rmse
0,392.6027415420583,3.5855839252471924,48.4868278503418,6.260997772216797
