,loss,mae,mse,rmse
0,45.018507196424274,3.5092389583587646,44.864906311035156,5.858499050140381
