,loss,mae,mse,rmse
0,19.435709963363497,3.198368549346924,35.146522521972656,5.374588489532471
