,loss,mae,mse,rmse
0,25.796054641097022,2.9605729579925537,28.19328498840332,4.812522888183594
