,loss,mae,mse,rmse
0,15.876114338272552,3.122088670730591,30.377981185913086,5.025108337402344
