,loss,mae,mse,rmse
0,70.34759993558454,5.1643571853637695,117.08488464355469,9.052026748657227
