,loss,mae,mse,rmse
0,115.58391788664721,3.960137128829956,57.17123031616211,6.520681381225586
