,loss,mae,mse,rmse
0,18.828671599863373,3.220214366912842,34.03031921386719,5.3697004318237305
