,loss,mae,mse,rmse
0,155.72313406517713,3.697087287902832,49.389305114746094,6.106637001037598
