,loss,mae,mse,rmse
0,42.15174183861397,3.4521360397338867,41.6966438293457,5.696383476257324
