,loss,mae,mse,rmse
0,25.34282154248372,3.1837968826293945,35.186431884765625,5.237056732177734
