,loss,mae,mse,rmse
0,12.61078781928127,2.7834677696228027,23.79745101928711,4.316125392913818
