,loss,mae,mse,rmse
0,52.7468642172353,3.360502004623413,39.644771575927734,5.525915145874023
