,loss,mae,mse,rmse
0,49.8615307358076,4.131538391113281,71.74336242675781,7.046456336975098
