,loss,mae,mse,rmse
0,30.1532400789589,3.4689714908599854,42.90803527832031,5.803348064422607
