,loss,mae,mse,rmse
0,28.031812128031028,3.7444307804107666,53.64663314819336,6.528012275695801
