,loss,mae,mse,rmse
0,39.98293619335822,3.7753612995147705,56.44063186645508,6.669419288635254
