,loss,mae,mse,rmse
0,1178.3220061747797,6.497982978820801,169.62037658691406,12.04870319366455
