,loss,mae,mse,rmse
0,76.0001895070473,4.280470371246338,69.79573059082031,7.168361663818359
