,loss,mae,mse,rmse
0,15.758744751044304,2.992060661315918,28.63823127746582,4.804364204406738
