,loss,mae,mse,rmse
0,115.14325330524677,3.957812786102295,58.77680587768555,6.587621212005615
