,loss,mae,mse,rmse
0,385.39808802123076,3.2585341930389404,37.12154769897461,5.584986209869385
