,loss,mae,mse,rmse
0,16.86661463598829,3.013700008392334,29.10791015625,4.783498287200928
