,loss,mae,mse,rmse
0,43.535022234413915,4.4604949951171875,85.50971984863281,7.687128067016602
