,loss,mae,mse,rmse
0,39.175101535301756,4.254180431365967,74.43016815185547,7.266260623931885
