,loss,mae,mse,rmse
0,20.254517795507706,3.2144277095794678,36.93519973754883,5.662268161773682
