,loss,mae,mse,rmse
0,478.64997238853533,8.397093772888184,234.6398162841797,14.540542602539062
