,loss,mae,mse,rmse
0,81.18023271804115,2.801724910736084,21.914653778076172,4.269495964050293
