,loss,mae,mse,rmse
0,1177.6490673611352,6.48915958404541,176.3800506591797,12.180686950683594
