,loss,mae,mse,rmse
0,19.411399923868636,2.6036479473114014,19.94647216796875,4.154572486877441
