,loss,mae,mse,rmse
0,44.092824590854455,4.658135890960693,87.11786651611328,7.965452671051025
