,loss,mae,mse,rmse
0,93.2505710064108,5.079328536987305,110.025390625,8.607102394104004
