,loss,mae,mse,rmse
0,46.455608583846185,2.970749616622925,28.213903427124023,4.705932140350342
