,loss,mae,mse,rmse
0,137.97332250529468,2.6330699920654297,18.057924270629883,3.948168992996216
