,loss,mae,mse,rmse
0,45.019952373949195,2.9495625495910645,26.66885757446289,4.6786088943481445
