,loss,mae,mse,rmse
0,35.57079004421086,3.526292085647583,43.4280891418457,5.791143894195557
