,loss,mae,mse,rmse
0,138.4571663266943,2.6527578830718994,20.1575984954834,4.014248371124268
