,loss,mae,mse,rmse
0,65.23998290981754,3.797788381576538,55.00382995605469,6.283412933349609
