,loss,mae,mse,rmse
0,404.17245825493376,4.267116546630859,71.31366729736328,7.599971294403076
