,loss,mae,mse,rmse
0,153.53810383821036,3.628223419189453,46.03086471557617,5.981889247894287
