,loss,mae,mse,rmse
0,388.4851536554978,3.4477176666259766,43.2730827331543,6.03610372543335
