,loss,mae,mse,rmse
0,45.256395481799736,3.154451847076416,32.706398010253906,5.040216445922852
