,loss,mae,mse,rmse
0,44.238113005338576,3.1896352767944336,31.69514274597168,5.055293083190918
