,loss,mae,mse,rmse
0,1205.2255374345345,8.471936225891113,236.42755126953125,14.606352806091309
