,loss,mae,mse,rmse
0,141.23942979141557,2.8159234523773193,24.239042282104492,4.446409225463867
