,loss,mae,mse,rmse
0,27.965383745589346,3.7313618659973145,51.60888671875,6.274391174316406
