,loss,mae,mse,rmse
0,11.968508125542272,2.411699056625366,19.55312156677246,3.7824769020080566
