,loss,mae,mse,rmse
0,45.37054822712177,3.229102849960327,32.50263977050781,5.085101127624512
