,loss,mae,mse,rmse
0,81.85476626989977,5.261843204498291,112.80023956298828,8.997692108154297
