,loss,mae,mse,rmse
0,17.638627521205823,2.3441898822784424,16.17595863342285,3.698457956314087
