,loss,mae,mse,rmse
0,41.09017274117761,4.295859336853027,78.27429962158203,7.483460426330566
