,loss,mae,mse,rmse
0,95.92221889008957,2.9400997161865234,28.450349807739258,4.748276233673096
