,loss,mae,mse,rmse
0,18.16016119301782,3.0407230854034424,31.162202835083008,4.971970558166504
