,loss,mae,mse,rmse
0,16.169114374294132,3.0010814666748047,28.034221649169922,4.804413318634033
