,loss,mae,mse,rmse
0,82.93358074361821,2.9088146686553955,26.414337158203125,4.536752223968506
