,loss,mae,mse,rmse
0,24.27777987235659,3.578390598297119,42.420753479003906,5.787559509277344
