,loss,mae,mse,rmse
0,64.40510693718406,3.856173515319824,53.78197479248047,6.406226634979248
