,loss,mae,mse,rmse
0,28.359332462526716,3.4048030376434326,40.103553771972656,5.661190032958984
