,loss,mae,mse,rmse
0,51.83743363188851,4.131573677062988,69.24938201904297,7.06462287902832
