,loss,mae,mse,rmse
0,50.96196789799732,3.972874641418457,66.78352355957031,6.793865203857422
