,loss,mae,mse,rmse
0,136.88686041456216,2.563629150390625,16.94194984436035,3.8105273246765137
