,loss,mae,mse,rmse
0,416.15882898938247,4.913792610168457,99.42725372314453,9.079000473022461
