,loss,mae,mse,rmse
0,29.853038859817218,3.7697651386260986,53.80983352661133,6.394012928009033
