,loss,mae,mse,rmse
0,97.70127021882695,3.1285030841827393,31.695798873901367,5.070796489715576
