,loss,mae,mse,rmse
0,43.25601179988747,3.5505850315093994,43.32442855834961,5.794520378112793
