,loss,mae,mse,rmse
0,42.22868293398096,4.441442489624023,80.96488952636719,7.668251991271973
