,loss,mae,mse,rmse
0,1146.0210880868046,4.909952640533447,104.40779876708984,9.442069053649902
