,loss,mae,mse,rmse
0,131.4374759602097,4.6289567947387695,89.43026733398438,7.9278483390808105
