,loss,mae,mse,rmse
0,80.86569891282906,2.791347026824951,22.704647064208984,4.398167610168457
