,loss,mae,mse,rmse
0,30.78632669681714,3.7335691452026367,57.466461181640625,6.372805595397949
