,loss,mae,mse,rmse
0,1205.8012414862392,8.304609298706055,233.91192626953125,14.496122360229492
