,loss,mae,mse,rmse
0,454.078105219461,6.598906517028809,178.0935516357422,12.304793357849121
