,loss,mae,mse,rmse
0,20.994037818697,3.238259792327881,34.215946197509766,5.197981834411621
