,loss,mae,mse,rmse
0,85.98147045309086,3.06465482711792,31.465877532958984,4.904374599456787
