,loss,mae,mse,rmse
0,63.9045227254006,3.807229995727539,52.87553787231445,6.4477643966674805
