,loss,mae,mse,rmse
0,86.87840408172777,5.236626148223877,121.7950439453125,9.12513256072998
