,loss,mae,mse,rmse
0,10.730604670817792,2.4176113605499268,17.496923446655273,3.823254346847534
