,loss,mae,mse,rmse
0,16.496431524295787,2.938135862350464,29.854881286621094,4.842321872711182
