,loss,mae,mse,rmse
0,37.59324108085675,3.4443247318267822,39.30745315551758,5.443855285644531
