,loss,mae,mse,rmse
0,42.894342936897914,3.9883692264556885,64.45260620117188,7.342736721038818
