,loss,mae,mse,rmse
0,29.026275101300747,3.2422330379486084,35.70750427246094,5.309973239898682
