,loss,mae,mse,rmse
0,67.05840959453688,3.942612648010254,58.550262451171875,6.716981410980225
