,loss,mae,mse,rmse
0,44.24654611974921,4.524252414703369,87.48212432861328,7.883215427398682
