,loss,mae,mse,rmse
0,76.01835035351617,4.067470550537109,70.67640686035156,6.9936604499816895
