,loss,mae,mse,rmse
0,34.65903255280591,3.5645103454589844,46.15140151977539,6.364636421203613
