,loss,mae,mse,rmse
0,66.28563472989133,4.831597805023193,99.63591766357422,8.278321266174316
