,loss,mae,mse,rmse
0,32.700452514546825,3.1870434284210205,30.55722427368164,5.050568580627441
