,loss,mae,mse,rmse
0,48.69600026112683,4.118249416351318,70.86109161376953,6.973874092102051
