,loss,mae,mse,rmse
0,90.77617148209889,2.84120512008667,23.403322219848633,4.39785623550415
