,loss,mae,mse,rmse
0,26.202034568151543,3.6794605255126953,50.9268913269043,6.2930803298950195
