,loss,mae,mse,rmse
0,12.579945382214545,2.68750262260437,22.351526260375977,4.245834827423096
