,loss,mae,mse,rmse
0,115.95248391916697,3.9643185138702393,61.433082580566406,6.659160614013672
