,loss,mae,mse,rmse
0,29.24341706456937,3.7331509590148926,55.548336029052734,6.325778961181641
