,loss,mae,mse,rmse
0,1171.9691362624428,5.810003280639648,146.91281127929688,10.976839065551758
