,loss,mae,mse,rmse
0,75.47359717831627,5.358660697937012,127.54408264160156,9.258221626281738
