,loss,mae,mse,rmse
0,97.28280070619233,3.653501510620117,53.402339935302734,6.13098669052124
