,loss,mae,mse,rmse
0,40.68312877714303,4.516249179840088,79.6261215209961,7.56020975112915
