,loss,mae,mse,rmse
0,52.5328660598738,3.4290053844451904,39.350013732910156,5.645369529724121
