,loss,mae,mse,rmse
0,11.991226252387552,2.37792706489563,19.629919052124023,3.776249885559082
