,loss,mae,mse,rmse
0,115.88297183664473,4.628656387329102,90.08930206298828,8.024408340454102
