,loss,mae,mse,rmse
0,11.566196534795052,2.573746681213379,20.482078552246094,4.133539199829102
