,loss,mae,mse,rmse
0,18.17667037718304,3.1993021965026855,34.939727783203125,5.227952480316162
