,loss,mae,mse,rmse
0,43.094323929883004,4.268892288208008,82.82093048095703,7.375646114349365
