,loss,mae,mse,rmse
0,140.34639612128018,2.803096055984497,22.465221405029297,4.3356733322143555
