,loss,mae,mse,rmse
0,42.55169977490831,4.53489875793457,83.43568420410156,7.857481956481934
