,loss,mae,mse,rmse
0,23.610567133117065,3.270132541656494,39.11941146850586,5.445395469665527
