,loss,mae,mse,rmse
0,12.325235877000003,2.5706801414489746,20.486373901367188,4.046684265136719
