,loss,mae,mse,rmse
0,29.446539259644908,3.719021797180176,55.69807434082031,6.427016735076904
