,loss,mae,mse,rmse
0,1204.100859207001,8.22714900970459,231.26182556152344,14.365280151367188
