,loss,mae,mse,rmse
0,45.41311358029517,4.446724891662598,88.01102447509766,7.833894729614258
