,loss,mae,mse,rmse
0,131.54919680850486,4.79709005355835,97.45098876953125,8.272804260253906
