,loss,mae,mse,rmse
0,78.57237070911336,4.578005790710449,83.5126953125,7.743558883666992
