,loss,mae,mse,rmse
0,26.293195303219406,3.723639488220215,49.69375991821289,6.2334885597229
