,loss,mae,mse,rmse
0,1204.840768422456,8.514106750488281,236.56272888183594,14.613358497619629
