,loss,mae,mse,rmse
0,79.52082721401135,2.7097179889678955,20.802108764648438,4.269991874694824
