,loss,mae,mse,rmse
0,50.783599053318305,4.101847171783447,65.52782440185547,6.776968955993652
