,loss,mae,mse,rmse
0,48.18084105429189,4.340363502502441,71.96833801269531,7.7290825843811035
