,loss,mae,mse,rmse
0,171.3261730266067,4.554143905639648,82.75504302978516,7.670201301574707
