,loss,mae,mse,rmse
0,138.23498592736587,2.6579911708831787,19.056947708129883,4.014490127563477
