,loss,mae,mse,rmse
0,157.94949716786036,3.8521921634674072,54.824100494384766,6.172269821166992
