,loss,mae,mse,rmse
0,29.793397833583885,3.602051258087158,53.49534225463867,6.319356441497803
