,loss,mae,mse,rmse
0,81.23214733534462,5.1974616050720215,110.28884887695312,9.052674293518066
