,loss,mae,mse,rmse
0,135.00563780078613,4.916863918304443,97.26484680175781,8.473164558410645
