,loss,mae,mse,rmse
0,26.22378366936364,3.1104812622070312,29.579574584960938,4.911167621612549
