,loss,mae,mse,rmse
0,12.076785291772646,2.8332839012145996,22.187061309814453,4.338352680206299
