,loss,mae,mse,rmse
0,66.76723545276248,4.780918598175049,78.69666290283203,7.9224958419799805
