,loss,mae,mse,rmse
0,40.57166661231284,3.7484376430511475,48.719356536865234,6.176042079925537
