,loss,mae,mse,rmse
0,100.546602551823,4.137800216674805,60.8059196472168,6.906907081604004
