,loss,mae,mse,rmse
0,148.39730236139945,3.403245687484741,38.60957717895508,5.498716831207275
