,loss,mae,mse,rmse
0,53.31866009229377,3.947701930999756,53.41206741333008,6.484650611877441
