,loss,mae,mse,rmse
0,15.763909687263238,2.6739087104797363,22.1075496673584,4.242638111114502
