,loss,mae,mse,rmse
0,24.164840906272907,3.0183029174804688,26.995914459228516,4.701815128326416
