,loss,mae,mse,rmse
0,78.30463776095988,2.6622531414031982,18.778606414794922,3.9957380294799805
