,loss,mae,mse,rmse
0,1117.0649860526212,6.059170246124268,138.33367919921875,10.780872344970703
