,loss,mae,mse,rmse
0,80.67898183289343,2.488523244857788,16.61751365661621,3.6885018348693848
