,loss,mae,mse,rmse
0,43.46889389960532,2.8552372455596924,23.510986328125,4.383694171905518
