,loss,mae,mse,rmse
0,105.19046766151409,3.565993547439575,45.474891662597656,5.790409088134766
