,loss,mae,mse,rmse
0,16.65418142275486,2.911658525466919,26.237150192260742,4.623776912689209
