,loss,mae,mse,rmse
0,347.98801666182896,4.555239677429199,79.06122589111328,8.195818901062012
