,loss,mae,mse,rmse
0,1116.9586914677463,6.746558666229248,162.98776245117188,11.852468490600586
