,loss,mae,mse,rmse
0,1110.7228751771095,5.894211769104004,132.8801727294922,10.4871826171875
