,loss,mae,mse,rmse
0,87.99090948224969,3.323633909225464,36.07204055786133,5.313657760620117
