,loss,mae,mse,rmse
0,133.87103963702992,2.3781869411468506,13.879043579101562,3.4509260654449463
