,loss,mae,mse,rmse
0,76.37428668428127,2.5009970664978027,16.092924118041992,3.6639716625213623
