,loss,mae,mse,rmse
0,40.46133220201776,2.6803555488586426,20.06144142150879,4.064831256866455
