,loss,mae,mse,rmse
0,64.10669346384198,3.8542377948760986,52.93794631958008,6.342826843261719
