,loss,mae,mse,rmse
0,325.9958367720059,3.622091293334961,46.94795227050781,6.188679218292236
