,loss,mae,mse,rmse
0,34.242611055950675,4.278844356536865,66.51522827148438,7.193170070648193
