,loss,mae,mse,rmse
0,37.16086994142316,4.340372562408447,71.38536071777344,7.372064590454102
