,loss,mae,mse,rmse
0,30.375418621226583,3.772526264190674,50.102230072021484,6.376415729522705
