,loss,mae,mse,rmse
0,28.252697988601415,4.03449821472168,53.115684509277344,6.613821506500244
