,loss,mae,mse,rmse
0,56.34912370158082,3.5915958881378174,42.449859619140625,5.746463775634766
