,loss,mae,mse,rmse
0,86.62284206130943,2.828787326812744,22.79077911376953,4.375554084777832
