,loss,mae,mse,rmse
0,364.55060701538395,5.697677135467529,123.193359375,10.161377906799316
