,loss,mae,mse,rmse
0,11.382981192254901,2.5511059761047363,19.550090789794922,4.06881046295166
