,loss,mae,mse,rmse
0,1083.3982829595993,4.884275913238525,91.89633178710938,8.58859920501709
