,loss,mae,mse,rmse
0,14.655686815679823,2.8927876949310303,26.14983558654785,4.6491804122924805
