,loss,mae,mse,rmse
0,393.1597746803418,7.260040760040283,185.26702880859375,12.595099449157715
