,loss,mae,mse,rmse
0,7.801510566307856,2.159839391708374,12.042720794677734,3.2395684719085693
