,loss,mae,mse,rmse
0,19.571301003967786,3.459589719772339,37.88114547729492,5.581519603729248
