,loss,mae,mse,rmse
0,42.162922102498165,2.822368621826172,22.07899284362793,4.278388977050781
