,loss,mae,mse,rmse
0,35.56424584376722,3.2198729515075684,33.25731658935547,5.116407871246338
