,loss,mae,mse,rmse
0,343.44315592960385,4.31516170501709,75.89086151123047,7.733391761779785
