,loss,mae,mse,rmse
0,57.054447960072864,3.5945863723754883,43.51713180541992,5.884498119354248
