,loss,mae,mse,rmse
0,1145.9726593863154,8.513326644897461,225.6481475830078,14.177472114562988
