,loss,mae,mse,rmse
0,8.574985487094754,2.271575927734375,13.218743324279785,3.4065730571746826
