,loss,mae,mse,rmse
0,40.97514770181113,3.8080034255981445,49.233402252197266,6.191493511199951
