,loss,mae,mse,rmse
0,24.04162837852459,3.6883435249328613,43.2075080871582,5.902665138244629
