,loss,mae,mse,rmse
0,104.08629165380367,3.6906487941741943,44.868125915527344,5.9791035652160645
