,loss,mae,mse,rmse
0,12.138215408757592,2.7329421043395996,22.48332977294922,4.2145185470581055
