,loss,mae,mse,rmse
0,22.27005266818952,3.4646706581115723,40.116722106933594,5.641944408416748
