,loss,mae,mse,rmse
0,86.42014743603147,2.8131959438323975,22.209217071533203,4.273533821105957
