,loss,mae,mse,rmse
0,136.9060950983081,2.6826236248016357,18.897315979003906,4.009174823760986
