,loss,mae,mse,rmse
0,81.78964995953538,2.5427708625793457,16.98993682861328,3.805600643157959
