,loss,mae,mse,rmse
0,88.27918676957675,3.3963353633880615,36.86830520629883,5.511568069458008
