,loss,mae,mse,rmse
0,23.955143348636195,3.6523678302764893,43.49028396606445,5.919990062713623
