,loss,mae,mse,rmse
0,36.414753152381266,3.3359057903289795,34.920928955078125,5.250163555145264
