,loss,mae,mse,rmse
0,88.59472760409493,3.427051544189453,37.21635818481445,5.534745216369629
