,loss,mae,mse,rmse
0,116.27162672374351,4.287171363830566,66.81143188476562,7.172980308532715
