,loss,mae,mse,rmse
0,24.21030274254249,3.2107439041137695,32.29790115356445,5.059584140777588
