,loss,mae,mse,rmse
0,31.371988333382596,4.0247907638549805,59.503814697265625,6.9004411697387695
