,loss,mae,mse,rmse
0,18.212479918309363,2.9103245735168457,25.78645133972168,4.534274578094482
