,loss,mae,mse,rmse
0,53.68998567883854,4.678675174713135,74.16561126708984,7.649845123291016
