,loss,mae,mse,rmse
0,11.76610460185284,2.8353428840637207,22.196548461914062,4.324730396270752
