,loss,mae,mse,rmse
0,37.1548307961721,2.5825915336608887,18.28729248046875,3.8852691650390625
