,loss,mae,mse,rmse
0,82.62260004999655,2.6011393070220947,17.94145393371582,3.8362925052642822
