,loss,mae,mse,rmse
0,36.94711290066429,2.8727667331695557,24.875123977661133,4.448641300201416
