,loss,mae,mse,rmse
0,44.50864701643398,3.1333649158477783,30.341583251953125,4.901090621948242
