,loss,mae,mse,rmse
0,24.116724031578084,3.0471761226654053,27.833282470703125,4.76228666305542
