,loss,mae,mse,rmse
0,19.087052104815427,3.32395339012146,36.80626678466797,5.451923370361328
