,loss,mae,mse,rmse
0,53.57829503220335,4.78341007232666,81.58881378173828,7.923710823059082
