,loss,mae,mse,rmse
0,76.3066945304198,4.551248550415039,74.45912170410156,7.638349533081055
