,loss,mae,mse,rmse
0,23.3426520522956,3.139157772064209,33.51690673828125,5.200084209442139
