,loss,mae,mse,rmse
0,53.25880246198447,4.630024433135986,72.47957611083984,7.603945255279541
