,loss,mae,mse,rmse
0,43.9654132670059,3.1721606254577637,31.121912002563477,4.919014930725098
