,loss,mae,mse,rmse
0,355.7229519553389,5.19680643081665,106.01617431640625,9.329106330871582
