,loss,mae,mse,rmse
0,333.4861718627007,3.860544204711914,54.61080551147461,6.696149826049805
