,loss,mae,mse,rmse
0,54.555556188242264,3.977621078491211,55.93263244628906,6.490056037902832
