,loss,mae,mse,rmse
0,12.671885668420671,2.668668270111084,21.787662506103516,4.217494964599609
