,loss,mae,mse,rmse
0,14.460803305292009,2.881727933883667,24.526025772094727,4.49609899520874
