,loss,mae,mse,rmse
0,372.29730836498345,6.118105888366699,136.7913360595703,10.785534858703613
