,loss,mae,mse,rmse
0,78.2790269904533,2.696906328201294,18.967710494995117,4.022315979003906
