,loss,mae,mse,rmse
0,101.0841856564923,4.169436931610107,61.1963996887207,6.87785005569458
