,loss,mae,mse,rmse
0,328.2465718535993,3.746490240097046,51.02373123168945,6.468366622924805
