,loss,mae,mse,rmse
0,87.41989953259677,2.871763229370117,23.53919219970703,4.397732257843018
