,loss,mae,mse,rmse
0,27.16037314604752,3.8901922702789307,51.471675872802734,6.385679721832275
