,loss,mae,mse,rmse
0,23.89894304828019,3.2310452461242676,34.69761276245117,5.33812141418457
