,loss,mae,mse,rmse
0,101.05500590903333,4.158644199371338,61.66203689575195,6.988257884979248
