,loss,mae,mse,rmse
0,14.597725111531371,2.52311635017395,19.30664825439453,3.9993128776550293
