,loss,mae,mse,rmse
0,35.4690024263012,3.2516586780548096,33.81344985961914,5.121129512786865
