,loss,mae,mse,rmse
0,1123.1023596775622,6.4865336418151855,162.12490844726562,11.774970054626465
