,loss,mae,mse,rmse
0,17.93937887196577,3.195270538330078,32.48057174682617,5.099597930908203
