,loss,mae,mse,rmse
0,355.0794372097371,4.609711170196533,89.775146484375,8.397872924804688
