,loss,mae,mse,rmse
0,40.186251130572494,4.01716947555542,56.017127990722656,6.553374290466309
