,loss,mae,mse,rmse
0,112.19584821801942,4.096884727478027,59.791500091552734,6.869048118591309
