,loss,mae,mse,rmse
0,51.461584447192905,4.73748254776001,77.73868560791016,7.934303283691406
