,loss,mae,mse,rmse
0,1110.995227020033,5.877828598022461,137.3291015625,10.698230743408203
