,loss,mae,mse,rmse
0,156.37942577141058,3.9221320152282715,53.709938049316406,6.596374034881592
