,loss,mae,mse,rmse
0,66.57772066226835,4.756009578704834,79.08078002929688,7.855640411376953
