,loss,mae,mse,rmse
0,27.13471934513121,3.525446653366089,43.729583740234375,6.122765064239502
