,loss,mae,mse,rmse
0,136.51147676943532,2.6356825828552246,18.366355895996094,3.915668487548828
