,loss,mae,mse,rmse
0,27.557457470533528,3.837496042251587,51.71997833251953,6.491069793701172
