,loss,mae,mse,rmse
0,344.6981641024727,4.744418621063232,83.67066955566406,8.199811935424805
