,loss,mae,mse,rmse
0,38.031394064876835,2.927618980407715,25.52906608581543,4.555062294006348
