,loss,mae,mse,rmse
0,54.86318857976111,4.947451591491699,85.11610412597656,8.123159408569336
