,loss,mae,mse,rmse
0,10.13938848810172,2.6629741191864014,18.835508346557617,3.971876859664917
