,loss,mae,mse,rmse
0,17.03161876015459,2.973684310913086,27.435693740844727,4.682147026062012
