,loss,mae,mse,rmse
0,22.758711724677674,3.5701980590820312,43.045658111572266,5.918342590332031
