,loss,mae,mse,rmse
0,15.719562690984691,2.9041264057159424,26.759876251220703,4.643128871917725
