,loss,mae,mse,rmse
0,146.26848342857073,3.3014559745788574,34.19858169555664,5.259963512420654
