,loss,mae,mse,rmse
0,32.67994359494457,4.202113151550293,61.85566711425781,7.033109664916992
