,loss,mae,mse,rmse
0,133.96305238353816,2.351614236831665,14.433784484863281,3.4610865116119385
