,loss,mae,mse,rmse
0,21.38029320185971,2.8990962505340576,23.87804412841797,4.421237468719482
