,loss,mae,mse,rmse
0,34.23683261150677,3.1557838916778564,32.13916778564453,5.016526222229004
