,loss,mae,mse,rmse
0,52.77787580562178,4.926095485687256,80.48120880126953,8.078174591064453
