,loss,mae,mse,rmse
0,19.548286562902803,2.9867231845855713,28.762388229370117,4.912988662719727
