,loss,mae,mse,rmse
0,43.65684185556561,3.100653648376465,29.995128631591797,4.826122760772705
