,loss,mae,mse,rmse
0,38.874384022479695,2.6758809089660645,19.216127395629883,4.052345275878906
