,loss,mae,mse,rmse
0,30.816718022589118,4.042884349822998,56.49755096435547,6.835216045379639
