,loss,mae,mse,rmse
0,18.40434046584353,3.1873836517333984,30.774307250976562,5.025450229644775
