,loss,mae,mse,rmse
0,21.995739137856127,3.0362043380737305,29.076904296875,4.771719455718994
