,loss,mae,mse,rmse
0,29.80340651456895,2.9964487552642822,28.317535400390625,4.683712959289551
