,loss,mae,mse,rmse
0,67.01467638279989,4.773175239562988,78.54935455322266,7.854036808013916
