,loss,mae,mse,rmse
0,9.683579611958425,2.4946398735046387,16.923877716064453,3.7978854179382324
