,loss,mae,mse,rmse
0,1144.4272243240318,8.413936614990234,221.3825225830078,14.031732559204102
