,loss,mae,mse,rmse
0,68.76265688687188,4.273200035095215,66.69359588623047,7.143048286437988
