,loss,mae,mse,rmse
0,133.2620336537397,2.4043455123901367,13.85781478881836,3.431190252304077
