,loss,mae,mse,rmse
0,55.7843727107012,4.801326274871826,78.1412124633789,7.997107028961182
