,loss,mae,mse,rmse
0,23.394493059307262,2.9711761474609375,26.102298736572266,4.611671447753906
