,loss,mae,mse,rmse
0,13.391502336891232,2.7241251468658447,23.917499542236328,4.290362358093262
