,loss,mae,mse,rmse
0,136.48868351318976,2.602111339569092,18.405715942382812,3.911771059036255
