,loss,mae,mse,rmse
0,32.540813715031526,4.207005023956299,62.37151336669922,7.061067581176758
