,loss,mae,mse,rmse
0,77.65483794896969,4.530301570892334,79.47122955322266,7.61260986328125
