,loss,mae,mse,rmse
0,18.034728375009685,3.0952048301696777,29.567745208740234,4.944875717163086
