,loss,mae,mse,rmse
0,17.49949804445358,3.021064043045044,28.193832397460938,4.826541423797607
