,loss,mae,mse,rmse
0,15.80895606936976,2.583385944366455,21.798152923583984,4.076163291931152
