,loss,mae,mse,rmse
0,53.94955192585135,3.4331297874450684,37.38127517700195,5.505250930786133
