,loss,mae,mse,rmse
0,101.97617077575222,3.5217506885528564,41.1611328125,5.7686076164245605
