,loss,mae,mse,rmse
0,10.676632927647166,2.6558244228363037,19.003847122192383,4.036543846130371
