,loss,mae,mse,rmse
0,22.745294930052097,3.1495137214660645,31.67073631286621,4.968757152557373
