,loss,mae,mse,rmse
0,22.71158357951743,3.191901206970215,31.04450798034668,4.984326362609863
