,loss,mae,mse,rmse
0,13.267914160432984,2.342796564102173,16.41924476623535,3.670966625213623
