,loss,mae,mse,rmse
0,13.639031980740333,2.8651320934295654,23.59157371520996,4.386949062347412
