,loss,mae,mse,rmse
0,34.92709572165079,3.813701629638672,57.10945510864258,6.814288139343262
