,loss,mae,mse,rmse
0,11.78667949633274,2.7690019607543945,22.1540584564209,4.2736735343933105
