,loss,mae,mse,rmse
0,39.71024928393232,4.05897331237793,55.706233978271484,6.643132209777832
