,loss,mae,mse,rmse
0,8.236813775838472,2.2204699516296387,12.842464447021484,3.367368698120117
