,loss,mae,mse,rmse
0,21.023468027667374,3.367137908935547,38.09990692138672,5.52714204788208
