,loss,mae,mse,rmse
0,19.545791818392967,3.3350765705108643,36.427978515625,5.495545387268066
