,loss,mae,mse,rmse
0,13.517778801377535,2.806840658187866,22.721664428710938,4.37239933013916
