,loss,mae,mse,rmse
0,77.25725401678974,2.6517724990844727,17.75984001159668,3.882117986679077
