,loss,mae,mse,rmse
0,65.36848923036975,3.804065227508545,54.069557189941406,6.316539287567139
