,loss,mae,mse,rmse
0,20.926857153114202,3.5259833335876465,38.8989372253418,5.678563117980957
