,loss,mae,mse,rmse
0,55.875869628464244,4.675211429595947,77.69329833984375,7.743943214416504
