,loss,mae,mse,rmse
0,74.82629032471318,2.4076695442199707,14.139702796936035,3.5000414848327637
