,loss,mae,mse,rmse
0,15.854175839556255,2.9363644123077393,24.837142944335938,4.563477516174316
