,loss,mae,mse,rmse
0,23.4853517702905,3.458580255508423,40.8254280090332,5.670734882354736
