,loss,mae,mse,rmse
0,87.61946458792507,2.8152284622192383,22.68471908569336,4.306330680847168
