,loss,mae,mse,rmse
0,15.1883133750118,2.9601807594299316,26.397994995117188,4.624661445617676
