,loss,mae,mse,rmse
0,1120.647492546639,7.022286415100098,170.50241088867188,12.13144588470459
