,loss,mae,mse,rmse
0,145.7502510359065,3.333625078201294,33.24365997314453,5.162001132965088
