,loss,mae,mse,rmse
0,78.9536859238478,2.6804652214050293,19.204933166503906,4.009024143218994
