,loss,mae,mse,rmse
0,68.85412139700402,4.382608890533447,65.63362884521484,7.139778137207031
