,loss,mae,mse,rmse
0,32.482677196435425,3.687592029571533,52.54700469970703,6.513297080993652
