,loss,mae,mse,rmse
0,20.252043991905616,3.472442150115967,38.79240417480469,5.611929416656494
