,loss,mae,mse,rmse
0,22.554236341904033,3.6430304050445557,42.64851760864258,5.889671325683594
