,loss,mae,mse,rmse
0,9.881415116216434,2.5710368156433105,17.8466796875,3.887788772583008
