,loss,mae,mse,rmse
0,67.97191375809292,4.91206169128418,80.78810119628906,7.939472198486328
