,loss,mae,mse,rmse
0,10.681598795931645,2.5916130542755127,18.702672958374023,3.94295072555542
