,loss,mae,mse,rmse
0,22.129569098811306,3.433563232421875,41.32793045043945,5.852294445037842
