,loss,mae,mse,rmse
0,103.38598778482049,4.198490619659424,66.17778778076172,7.186091423034668
