,loss,mae,mse,rmse
0,11.114070037870624,2.713815689086914,19.791959762573242,4.134285926818848
