,loss,mae,mse,rmse
0,21.90482140223986,3.51328706741333,41.319217681884766,5.773587703704834
