,loss,mae,mse,rmse
0,157.49400435671097,3.9967732429504395,55.529624938964844,6.682480812072754
