,loss,mae,mse,rmse
0,367.1068566310316,6.018187522888184,129.08326721191406,10.474287986755371
