,loss,mae,mse,rmse
0,387.0148922398949,6.956039905548096,172.11082458496094,12.11198616027832
