,loss,mae,mse,rmse
0,20.626420152938035,3.292210578918457,38.362483978271484,5.56123161315918
