,loss,mae,mse,rmse
0,14.508058067052731,2.8517329692840576,24.724802017211914,4.52623176574707
