,loss,mae,mse,rmse
0,77.91142319840208,4.7121477127075195,78.84451293945312,7.813189506530762
