,loss,mae,mse,rmse
0,1138.2897808392042,7.844875812530518,207.2198486328125,13.317359924316406
