,loss,mae,mse,rmse
0,11.137715952702674,2.634035348892212,19.753063201904297,4.065809726715088
