,loss,mae,mse,rmse
0,89.41801131318138,3.4498291015625,38.68016815185547,5.617878437042236
