,loss,mae,mse,rmse
0,10.379062771737125,2.6247262954711914,18.811487197875977,3.9655275344848633
