,loss,mae,mse,rmse
0,39.79491173338229,3.7267651557922363,45.32337188720703,6.016024589538574
