,loss,mae,mse,rmse
0,101.62270518190014,3.479004144668579,39.60101318359375,5.589333534240723
