,loss,mae,mse,rmse
0,364.42315667678486,5.828641891479492,121.78827667236328,10.086824417114258
