,loss,mae,mse,rmse
0,1072.8933688454424,4.462609767913818,70.7810287475586,7.579971790313721
