,loss,mae,mse,rmse
0,12.474041884972406,2.779585599899292,22.43198013305664,4.322711944580078
