,loss,mae,mse,rmse
0,30.18194526076617,3.696591377258301,49.000953674316406,6.427836894989014
