,loss,mae,mse,rmse
0,42.85265357932756,3.021789789199829,28.504623413085938,4.732983589172363
