,loss,mae,mse,rmse
0,16.899385718914964,3.034731149673462,27.154050827026367,4.712314128875732
