,loss,mae,mse,rmse
0,10.732668042843528,2.6347060203552246,18.986661911010742,4.004159927368164
