,loss,mae,mse,rmse
0,64.92569132884144,3.7443456649780273,54.56366729736328,6.28388786315918
