,loss,mae,mse,rmse
0,35.00511138937635,4.2861504554748535,67.55061340332031,7.363268852233887
