,loss,mae,mse,rmse
0,67.91547217381091,4.1888041496276855,63.323890686035156,7.0663323402404785
