,loss,mae,mse,rmse
0,29.244358496101437,2.9668383598327637,28.3063907623291,4.725532531738281
