,loss,mae,mse,rmse
0,31.818260721836044,4.177982807159424,62.43357467651367,7.006970405578613
