,loss,mae,mse,rmse
0,40.895460258022666,3.8379557132720947,48.78422927856445,6.2320075035095215
