,loss,mae,mse,rmse
0,9.902137443580916,2.551759958267212,17.456655502319336,3.8078677654266357
