,loss,mae,mse,rmse
0,31.363789790343276,4.157591819763184,61.542022705078125,6.879410266876221
