,loss,mae,mse,rmse
0,41.592337485825084,4.0855231285095215,58.14948272705078,6.685986518859863
