,loss,mae,mse,rmse
0,15.837901222555704,2.8619165420532227,29.107391357421875,4.718050003051758
