,loss,mae,mse,rmse
0,19.33420654796533,3.4175171852111816,35.96101379394531,5.444116592407227
