,loss,mae,mse,rmse
0,1143.0342108661641,8.26407241821289,216.13446044921875,13.896072387695312
