,loss,mae,mse,rmse
0,27.797742311600175,4.101203441619873,53.930843353271484,6.503196716308594
