,loss,mae,mse,rmse
0,116.15857076957184,4.47527551651001,68.27055358886719,7.434353351593018
