,loss,mae,mse,rmse
0,54.13489072689181,3.8985087871551514,53.81190490722656,6.391472816467285
