,loss,mae,mse,rmse
0,21.13097699613355,3.3828577995300293,39.093650817871094,5.634102821350098
