,loss,mae,mse,rmse
0,27.697861808373286,2.9701201915740967,26.2625789642334,4.619887351989746
