,loss,mae,mse,rmse
0,53.99538544815794,3.9397692680358887,53.42555236816406,6.40133810043335
