,loss,mae,mse,rmse
0,1077.1116531333635,4.587115287780762,77.6565933227539,7.983133792877197
