,loss,mae,mse,rmse
0,32.335892621696146,4.073141574859619,60.17595672607422,6.733287811279297
