,loss,mae,mse,rmse
0,327.2916677787262,3.6163218021392822,48.07032012939453,6.259556770324707
