,loss,mae,mse,rmse
0,158.50639550812,3.9193873405456543,58.26462173461914,6.720759868621826
