,loss,mae,mse,rmse
0,16.06764213792623,2.908196210861206,25.07550811767578,4.542642593383789
