,loss,mae,mse,rmse
0,82.26429602481257,2.48024320602417,16.677597045898438,3.71329402923584
