,loss,mae,mse,rmse
0,29.35519898988738,4.118997573852539,57.0042724609375,6.727590084075928
