,loss,mae,mse,rmse
0,41.25995288723963,2.819685459136963,22.09514045715332,4.293673038482666
