,loss,mae,mse,rmse
0,13.623305329748005,2.8076298236846924,23.272132873535156,4.399995803833008
