,loss,mae,mse,rmse
0,136.30742191343523,2.6377081871032715,18.203262329101562,3.8988037109375
