,loss,mae,mse,rmse
0,1145.1737003355242,8.472792625427246,223.74679565429688,14.133950233459473
