,loss,mae,mse,rmse
0,20.924427793007954,3.0364949703216553,28.73503303527832,4.743952751159668
