,loss,mae,mse,rmse
0,31.009538625529792,3.9561893939971924,58.113704681396484,6.800132751464844
