,loss,mae,mse,rmse
0,21.20216467362507,3.5378637313842773,40.63826370239258,5.7188239097595215
