,loss,mae,mse,rmse
0,15.546992077455112,3.0307724475860596,27.672578811645508,4.757032871246338
