,loss,mae,mse,rmse
0,21.691447884009527,3.0909054279327393,32.85453414916992,5.267404556274414
