,loss,mae,mse,rmse
0,14.457406481927828,2.9188833236694336,26.439786911010742,4.627196788787842
