,loss,mae,mse,rmse
0,37.75034382817727,2.8822219371795654,24.725492477416992,4.441914081573486
