,loss,mae,mse,rmse
0,17.57553662857421,2.941534996032715,25.356966018676758,4.5297160148620605
