,loss,mae,mse,rmse
0,14.415616896650953,2.852543592453003,24.259923934936523,4.455081462860107
