,loss,mae,mse,rmse
0,132.8840902909824,2.3283727169036865,13.216009140014648,3.365638017654419
