,loss,mae,mse,rmse
0,21.853150991108315,3.4471375942230225,40.54154968261719,5.694520950317383
