,loss,mae,mse,rmse
0,35.308647100030626,3.850863218307495,58.86587142944336,6.747649669647217
