,loss,mae,mse,rmse
0,25.14064629936699,3.252140998840332,33.08241271972656,5.161824703216553
