,loss,mae,mse,rmse
0,28.27510119133092,2.9580936431884766,27.730173110961914,4.613595962524414
