,loss,mae,mse,rmse
0,75.73867700610413,4.760768413543701,76.36090087890625,7.881509780883789
