,loss,mae,mse,rmse
0,41.52242806576361,2.819420337677002,22.318382263183594,4.296893119812012
