,loss,mae,mse,rmse
0,26.38933239751859,3.10107421875,29.046768188476562,4.9162468910217285
