,loss,mae,mse,rmse
0,116.41080607839436,4.333588123321533,67.92491912841797,7.1834540367126465
