,loss,mae,mse,rmse
0,14.840081679250492,2.9045567512512207,25.505573272705078,4.57719087600708
