,loss,mae,mse,rmse
0,22.64089589347167,3.1728525161743164,35.44794464111328,5.344560146331787
