,loss,mae,mse,rmse
0,55.89104445527122,3.5499701499938965,41.22642135620117,5.637021541595459
