,loss,mae,mse,rmse
0,67.33170162940806,4.300462245941162,62.20438766479492,7.033053398132324
