,loss,mae,mse,rmse
0,75.53635457997358,2.4724197387695312,15.409210205078125,3.6451170444488525
