,loss,mae,mse,rmse
0,38.7109456396223,3.9976251125335693,52.52478790283203,6.503864765167236
