,loss,mae,mse,rmse
0,35.96249754975364,2.768361806869507,23.782268524169922,4.3485188484191895
