,loss,mae,mse,rmse
0,19.171525921569362,2.790332555770874,22.141069412231445,4.261127471923828
