,loss,mae,mse,rmse
0,24.365637268527628,3.53389048576355,42.97440719604492,5.880038261413574
