,loss,mae,mse,rmse
0,63.655886124003146,3.8165202140808105,52.290218353271484,6.337094783782959
