,loss,mae,mse,rmse
0,1146.9749151349968,8.560201644897461,225.96763610839844,14.237013816833496
