,loss,mae,mse,rmse
0,157.5523238943566,4.042603492736816,56.2096061706543,6.672056198120117
