,loss,mae,mse,rmse
0,321.8003055601336,3.3347017765045166,38.49333190917969,5.618488311767578
