,loss,mae,mse,rmse
0,37.113531348086724,2.604525566101074,17.4559383392334,3.875302791595459
