,loss,mae,mse,rmse
0,10.999387974222602,2.752523899078369,20.41154670715332,4.163243770599365
