,loss,mae,mse,rmse
0,20.74260141315028,2.8989830017089844,24.801488876342773,4.491393089294434
