,loss,mae,mse,rmse
0,148.1087005077141,3.415595769882202,38.70425796508789,5.530727386474609
