,loss,mae,mse,rmse
0,77.20712692299178,2.5891647338867188,17.407032012939453,3.8408687114715576
