,loss,mae,mse,rmse
0,1074.4972901620552,4.502139091491699,74.77224731445312,7.845278739929199
