,loss,mae,mse,rmse
0,21.206156898806018,3.0823121070861816,31.8226261138916,5.166386127471924
