,loss,mae,mse,rmse
0,86.93730636649478,3.4190545082092285,40.53112030029297,5.50319766998291
