,loss,mae,mse,rmse
0,130.13929807669564,2.4543867111206055,16.87689971923828,3.609936237335205
