,loss,mae,mse,rmse
0,18.11882396816795,3.055910110473633,32.98288345336914,5.014559268951416
