,loss,mae,mse,rmse
0,58.104113220426036,3.9016191959381104,53.77663803100586,6.489383220672607
