,loss,mae,mse,rmse
0,19.469900957963322,3.2438697814941406,36.27083969116211,5.216172218322754
