,loss,mae,mse,rmse
0,1074.6494318028222,8.362213134765625,212.9043426513672,13.827690124511719
