,loss,mae,mse,rmse
0,41.70175153650902,3.2144205570220947,34.87929916381836,5.134904384613037
