,loss,mae,mse,rmse
0,21.31997996883546,2.9807910919189453,32.068790435791016,4.764923095703125
