,loss,mae,mse,rmse
0,85.4411725247745,3.271270513534546,36.803340911865234,5.245229721069336
