,loss,mae,mse,rmse
0,19.98514584692017,3.1820602416992188,37.29606628417969,5.666153430938721
