,loss,mae,mse,rmse
0,1077.1040068066518,8.3617525100708,213.3113250732422,13.829240798950195
