,loss,mae,mse,rmse
0,21.122697290334735,3.275178909301758,38.63030242919922,5.455667495727539
