,loss,mae,mse,rmse
0,15.082208623963107,2.7757909297943115,26.235397338867188,4.404721736907959
