,loss,mae,mse,rmse
0,79.44302243207427,2.72782826423645,21.44219207763672,4.1033172607421875
