,loss,mae,mse,rmse
0,32.806542962590164,3.17873477935791,35.09369659423828,5.155331611633301
