,loss,mae,mse,rmse
0,18.248014741785386,3.2791900634765625,35.375492095947266,5.233736515045166
