,loss,mae,mse,rmse
0,9.436555329381113,2.3658623695373535,15.803251266479492,3.7041501998901367
