,loss,mae,mse,rmse
0,26.061245968652567,3.577678918838501,47.888160705566406,5.967751502990723
