,loss,mae,mse,rmse
0,37.49571252138694,2.7547271251678467,23.724836349487305,4.2000932693481445
