,loss,mae,mse,rmse
0,33.13660890431827,2.832463026046753,24.978864669799805,4.391152858734131
