,loss,mae,mse,rmse
0,11.342227459283848,2.364023447036743,15.900861740112305,3.7324793338775635
