,loss,mae,mse,rmse
0,27.924839789754653,3.0131263732910156,33.860958099365234,4.798511981964111
