,loss,mae,mse,rmse
0,49.26984420125185,3.912046194076538,53.26678466796875,6.500862121582031
