,loss,mae,mse,rmse
0,11.326302192010406,2.375256299972534,15.958216667175293,3.737834930419922
