,loss,mae,mse,rmse
0,31.99619632179762,4.02157735824585,61.22607421875,6.933485507965088
