,loss,mae,mse,rmse
0,131.80044998116148,2.5981180667877197,18.984262466430664,3.9039785861968994
