,loss,mae,mse,rmse
0,13.414440926328524,2.6658456325531006,24.262575149536133,4.2412028312683105
