,loss,mae,mse,rmse
0,108.06639254348913,4.304349899291992,67.15400695800781,7.384311676025391
