,loss,mae,mse,rmse
0,22.515636492490493,3.350703001022339,40.85820388793945,5.616172790527344
