,loss,mae,mse,rmse
0,98.68560544094275,3.625750780105591,46.12807083129883,5.809266567230225
