,loss,mae,mse,rmse
0,106.17877977980599,4.2708001136779785,65.30610656738281,7.215112209320068
