,loss,mae,mse,rmse
0,27.396028219924805,3.6648943424224854,51.125892639160156,6.650209426879883
