,loss,mae,mse,rmse
0,46.992297402000204,4.332261562347412,71.53366088867188,7.4824323654174805
