,loss,mae,mse,rmse
0,74.569045679077,2.517209768295288,18.289011001586914,3.7506630420684814
