,loss,mae,mse,rmse
0,49.98170948666547,3.3756768703460693,37.839569091796875,5.433655261993408
