,loss,mae,mse,rmse
0,29.028893085554536,3.8362388610839844,54.254920959472656,6.639283657073975
