,loss,mae,mse,rmse
0,20.15051621873761,2.850529193878174,24.592267990112305,4.401195049285889
