,loss,mae,mse,rmse
0,13.05739105427004,2.649092435836792,23.582090377807617,4.285943984985352
