,loss,mae,mse,rmse
0,25.42893614983476,3.3359172344207764,43.864051818847656,6.006068706512451
