,loss,mae,mse,rmse
0,52.67516109902141,4.007895469665527,59.09690475463867,6.767000198364258
