,loss,mae,mse,rmse
0,85.96101416353535,3.3068244457244873,38.14070510864258,5.27345085144043
