,loss,mae,mse,rmse
0,107.4048703097967,4.266373157501221,67.55086517333984,7.21409273147583
