,loss,mae,mse,rmse
0,39.55208440514447,2.8054587841033936,25.59467315673828,4.35775899887085
