,loss,mae,mse,rmse
0,12.518495843924729,2.6590397357940674,22.498056411743164,4.218259811401367
