,loss,mae,mse,rmse
0,14.992059998913756,2.771956443786621,25.880859375,4.44295597076416
