,loss,mae,mse,rmse
0,37.020108664049545,2.987640857696533,31.234100341796875,4.706045627593994
