,loss,mae,mse,rmse
0,56.609580330150216,3.776959180831909,49.82577133178711,6.126947402954102
