,loss,mae,mse,rmse
0,71.75074729699439,4.608012676239014,78.99519348144531,7.817493915557861
