,loss,mae,mse,rmse
0,129.25120131900704,2.396226644515991,16.13454818725586,3.5088376998901367
