,loss,mae,mse,rmse
0,20.310691720859126,3.2196147441864014,37.929752349853516,5.382523536682129
