,loss,mae,mse,rmse
0,29.997277596197602,3.8505775928497314,56.17872619628906,6.613585472106934
