,loss,mae,mse,rmse
0,29.03989870452001,3.513579845428467,49.944515228271484,6.414371490478516
