,loss,mae,mse,rmse
0,21.871146367302952,3.4101312160491943,40.851959228515625,5.601831436157227
