,loss,mae,mse,rmse
0,39.57875502431269,2.775949001312256,23.0773983001709,4.239445209503174
