,loss,mae,mse,rmse
0,69.37456350359537,4.449314594268799,72.88048553466797,7.561334133148193
