,loss,mae,mse,rmse
0,352.56023366679506,8.279372215270996,211.3638916015625,13.760108947753906
