,loss,mae,mse,rmse
0,39.53522013627946,3.858185052871704,52.1458625793457,6.386472702026367
