,loss,mae,mse,rmse
0,18.04587128759118,2.9436473846435547,29.45118522644043,5.017140865325928
