,loss,mae,mse,rmse
0,17.40909561104428,3.0986382961273193,31.902868270874023,5.236219882965088
