,loss,mae,mse,rmse
0,12.588675651198303,2.7388105392456055,23.785608291625977,4.273787021636963
