,loss,mae,mse,rmse
0,1074.4245728524636,8.357852935791016,212.86920166015625,13.830375671386719
