,loss,mae,mse,rmse
0,352.1682923278457,7.9414963722229,205.80226135253906,13.540764808654785
