,loss,mae,mse,rmse
0,353.3664503473724,8.27135944366455,211.5860137939453,13.765158653259277
