,loss,mae,mse,rmse
0,132.02712500197114,2.5632059574127197,19.770078659057617,3.899529457092285
