,loss,mae,mse,rmse
0,142.33773086002267,3.3276212215423584,36.977054595947266,5.349910259246826
