,loss,mae,mse,rmse
0,80.76451560331738,2.8359782695770264,24.5168514251709,4.317694187164307
