,loss,mae,mse,rmse
0,95.67612418380438,3.5308196544647217,42.82783889770508,5.685136795043945
