,loss,mae,mse,rmse
0,42.12034351740466,4.371006488800049,77.77783203125,7.997185230255127
