,loss,mae,mse,rmse
0,52.24076745408354,4.430467128753662,74.27432250976562,7.611721038818359
