,loss,mae,mse,rmse
0,10.323727055101934,2.469820261001587,18.928701400756836,3.851194381713867
