,loss,mae,mse,rmse
0,32.29685384008986,4.095335483551025,61.33313751220703,7.078891277313232
