,loss,mae,mse,rmse
0,34.23596347514046,4.180366039276123,65.9794921875,7.210954666137695
