,loss,mae,mse,rmse
0,67.12980456148739,4.426589012145996,73.83811950683594,7.639100074768066
