,loss,mae,mse,rmse
0,17.763238708865686,3.252051591873169,33.923362731933594,5.210715293884277
