,loss,mae,mse,rmse
0,52.45336762706576,4.510697841644287,75.1121826171875,7.756255149841309
