,loss,mae,mse,rmse
0,128.2809247044406,2.3234264850616455,14.32275676727295,3.367095470428467
