,loss,mae,mse,rmse
0,12.865314733995836,2.6585288047790527,23.02165412902832,4.36149787902832
