,loss,mae,mse,rmse
0,86.16566222123758,3.3691658973693848,39.1846923828125,5.369370460510254
