,loss,mae,mse,rmse
0,1046.4720174857628,5.70159387588501,140.79840087890625,10.621332168579102
