,loss,mae,mse,rmse
0,16.18126174768362,2.9521851539611816,28.956144332885742,4.697723388671875
