,loss,mae,mse,rmse
0,1073.7312583069763,8.191551208496094,209.9564666748047,13.712945938110352
