,loss,mae,mse,rmse
0,38.072417454351054,3.8610973358154297,54.876590728759766,6.4666290283203125
