,loss,mae,mse,rmse
0,39.19731135208851,3.0516879558563232,30.58611297607422,4.828404426574707
