,loss,mae,mse,rmse
0,28.303101712307164,3.0398716926574707,32.00614547729492,4.803974151611328
