,loss,mae,mse,rmse
0,29.476878972917003,3.0774478912353516,33.8148307800293,4.925846576690674
