,loss,mae,mse,rmse
0,10.941341479564345,2.4797134399414062,19.64763832092285,3.916539430618286
