,loss,mae,mse,rmse
0,23.17517932245063,3.1283211708068848,33.74490737915039,5.051469326019287
