,loss,mae,mse,rmse
0,39.830495151048986,3.9550681114196777,57.591796875,6.668220043182373
