,loss,mae,mse,rmse
0,1074.3574372781052,8.086503028869629,209.53236389160156,13.621256828308105
