,loss,mae,mse,rmse
0,12.824201336148976,2.6537628173828125,23.300203323364258,4.256418228149414
