,loss,mae,mse,rmse
0,67.96904827676705,4.5661091804504395,73.17935180664062,7.507526397705078
