,loss,mae,mse,rmse
0,18.911387711715257,3.2822585105895996,34.838619232177734,5.457539081573486
