,loss,mae,mse,rmse
0,108.61008228623193,4.397118091583252,67.41279602050781,7.340432643890381
