,loss,mae,mse,rmse
0,1063.4069999369233,7.062137603759766,185.03282165527344,12.499600410461426
