,loss,mae,mse,rmse
0,40.03646308696531,3.856276035308838,52.974666595458984,6.283945083618164
