,loss,mae,mse,rmse
0,75.5263415185913,2.5481467247009277,19.78782844543457,3.8786799907684326
