,loss,mae,mse,rmse
0,40.57287430108762,3.118483304977417,32.30321502685547,4.960089683532715
