,loss,mae,mse,rmse
0,18.347676624971278,3.090001106262207,31.33738899230957,4.9091596603393555
