,loss,mae,mse,rmse
0,153.0709185783976,4.111099720001221,58.18757629394531,6.849107265472412
