,loss,mae,mse,rmse
0,11.546806656420575,2.6319503784179688,21.64837646484375,4.056430816650391
