,loss,mae,mse,rmse
0,53.17960261396608,4.657801151275635,83.19804382324219,8.06521987915039
