,loss,mae,mse,rmse
0,41.26302733987811,3.921488046646118,60.13334274291992,6.662505626678467
