,loss,mae,mse,rmse
0,29.843995219475946,3.6094675064086914,50.36122131347656,6.510181427001953
