,loss,mae,mse,rmse
0,129.68639741081404,2.4286258220672607,16.372413635253906,3.5939173698425293
