,loss,mae,mse,rmse
0,138.80168345098264,3.1920759677886963,30.083587646484375,4.935573577880859
