,loss,mae,mse,rmse
0,18.42919597603733,2.85867977142334,29.322559356689453,4.918331623077393
