,loss,mae,mse,rmse
0,34.43832888135723,4.040899276733398,63.672752380371094,6.951061248779297
