,loss,mae,mse,rmse
0,1076.077087838812,8.37497329711914,213.57594299316406,13.843948364257812
