,loss,mae,mse,rmse
0,19.967928649479955,3.1029746532440186,34.337425231933594,4.950506210327148
