,loss,mae,mse,rmse
0,338.4946226126595,6.820805072784424,177.13333129882812,12.341375350952148
