,loss,mae,mse,rmse
0,8.1938994846542,2.1549441814422607,12.93545150756836,3.332127332687378
