,loss,mae,mse,rmse
0,12.141434712833462,2.7522706985473633,23.02252769470215,4.278904914855957
