,loss,mae,mse,rmse
0,293.8130216921902,4.434035301208496,76.32889556884766,7.919130325317383
