,loss,mae,mse,rmse
0,18.64234276301858,3.0753884315490723,33.386539459228516,5.010874271392822
