,loss,mae,mse,rmse
0,57.92806371141057,3.769434690475464,52.89760208129883,6.153619289398193
