,loss,mae,mse,rmse
0,19.663885403009434,3.373084306716919,38.13446044921875,5.471473217010498
