,loss,mae,mse,rmse
0,72.26565783015585,2.375234365463257,15.299190521240234,3.437932014465332
