,loss,mae,mse,rmse
0,75.53636116635016,2.5846118927001953,20.687213897705078,3.872035264968872
