,loss,mae,mse,rmse
0,25.49029739890269,3.053908109664917,31.69046974182129,4.843641757965088
