,loss,mae,mse,rmse
0,1074.4373272430526,8.07360553741455,208.0719757080078,13.62862777709961
