,loss,mae,mse,rmse
0,275.16404346435263,3.4815568923950195,47.00055694580078,6.275024890899658
