,loss,mae,mse,rmse
0,15.75003487698072,2.9257330894470215,28.548059463500977,4.6385979652404785
