,loss,mae,mse,rmse
0,51.78547950401438,4.495829105377197,73.98651123046875,7.63258171081543
