,loss,mae,mse,rmse
0,352.3080602168487,8.247426986694336,210.7843017578125,13.735140800476074
