,loss,mae,mse,rmse
0,16.613896203838554,2.9244883060455322,29.407901763916016,4.715241432189941
