,loss,mae,mse,rmse
0,302.09459702998845,4.799252986907959,101.9576187133789,9.150962829589844
