,loss,mae,mse,rmse
0,32.559532415440614,2.8489248752593994,25.23983383178711,4.394218444824219
