,loss,mae,mse,rmse
0,94.41806871178791,3.939061164855957,55.20292282104492,6.6954426765441895
