,loss,mae,mse,rmse
0,97.89327195463433,4.138454437255859,61.709205627441406,7.043996810913086
