,loss,mae,mse,rmse
0,140.32023430178597,3.2354071140289307,32.904239654541016,5.090229034423828
