,loss,mae,mse,rmse
0,51.921400161267975,4.6987175941467285,80.99628448486328,8.024873733520508
