,loss,mae,mse,rmse
0,100.10599669354184,4.217813968658447,65.87260437011719,7.062252521514893
