,loss,mae,mse,rmse
0,55.95737057238164,3.7446000576019287,47.81295394897461,6.076353073120117
