,loss,mae,mse,rmse
0,16.774972060752436,2.915052890777588,30.283578872680664,4.650554180145264
