,loss,mae,mse,rmse
0,351.6531617478103,8.137505531311035,208.93075561523438,13.673885345458984
