,loss,mae,mse,rmse
0,10.286967464961808,2.2269885540008545,13.654163360595703,3.455641746520996
