,loss,mae,mse,rmse
0,51.44801497057922,3.585594892501831,43.27212142944336,5.8468017578125
