,loss,mae,mse,rmse
0,39.435525226703014,2.8312244415283203,24.6783504486084,4.409914970397949
