,loss,mae,mse,rmse
0,141.78206002874495,3.203744888305664,35.89077377319336,5.114956855773926
