,loss,mae,mse,rmse
0,1074.1694879410863,7.901690483093262,204.94129943847656,13.52131462097168
