,loss,mae,mse,rmse
0,310.48397915850046,5.403807640075684,119.25286102294922,9.718653678894043
