,loss,mae,mse,rmse
0,22.703002750172335,3.0078349113464355,28.803321838378906,4.728340148925781
