,loss,mae,mse,rmse
0,65.58688423130339,4.728293418884277,84.45547485351562,8.078790664672852
