,loss,mae,mse,rmse
0,39.138729161457206,3.083021402359009,30.641220092773438,4.894218444824219
