,loss,mae,mse,rmse
0,19.01944024813079,3.086162805557251,32.491371154785156,4.9532575607299805
