,loss,mae,mse,rmse
0,20.92098309913996,2.9941492080688477,30.725046157836914,4.789218425750732
