,loss,mae,mse,rmse
0,10.546972676929443,2.4057600498199463,18.48152732849121,3.7971715927124023
