,loss,mae,mse,rmse
0,27.922484130155393,3.5163416862487793,48.91333770751953,6.439695835113525
