,loss,mae,mse,rmse
0,1016.9988007823764,4.801050186157227,88.46246337890625,8.466334342956543
