,loss,mae,mse,rmse
0,13.875961574743638,2.7706298828125,25.344758987426758,4.429514408111572
