,loss,mae,mse,rmse
0,66.18559202834396,4.734371662139893,84.06954193115234,8.017718315124512
