,loss,mae,mse,rmse
0,34.727469261019834,2.5538253784179688,20.4826717376709,3.8790476322174072
