,loss,mae,mse,rmse
0,14.802055516182483,2.749518632888794,23.228666305541992,4.399148941040039
