,loss,mae,mse,rmse
0,11.496915234056448,2.663606882095337,20.088029861450195,4.201972007751465
