,loss,mae,mse,rmse
0,12.1656271981808,2.5839760303497314,22.464954376220703,4.073833465576172
