,loss,mae,mse,rmse
0,335.594195021615,6.593294143676758,172.0867919921875,12.05948543548584
