,loss,mae,mse,rmse
0,24.12517757393772,3.085143804550171,36.2980842590332,5.022221565246582
