,loss,mae,mse,rmse
0,32.899615785627354,3.16546893119812,36.21539306640625,5.11928129196167
