,loss,mae,mse,rmse
0,1074.0151381267121,8.24006462097168,210.85487365722656,13.74501895904541
