,loss,mae,mse,rmse
0,19.667434890817468,3.083601951599121,33.09853744506836,5.024851322174072
