,loss,mae,mse,rmse
0,66.68652419075971,4.372604846954346,67.93889617919922,7.311450481414795
