,loss,mae,mse,rmse
0,50.084435449092034,4.28668737411499,69.85171508789062,7.3863654136657715
