,loss,mae,mse,rmse
0,14.655924589603693,2.717848777770996,25.549793243408203,4.522271156311035
