,loss,mae,mse,rmse
0,1008.3338020157512,4.1766037940979,68.2518081665039,7.412519454956055
