,loss,mae,mse,rmse
0,97.79522923312248,4.144905090332031,62.441768646240234,6.989682674407959
