,loss,mae,mse,rmse
0,32.988737890822115,2.8700575828552246,26.724645614624023,4.483121871948242
