,loss,mae,mse,rmse
0,23.184272143970038,3.082563877105713,32.45075607299805,4.935298919677734
