,loss,mae,mse,rmse
0,21.135952967343446,3.220310688018799,39.22087860107422,5.3556108474731445
