,loss,mae,mse,rmse
0,1075.3385106351823,8.047612190246582,207.51608276367188,13.61837100982666
