,loss,mae,mse,rmse
0,73.97692349091808,4.626795291900635,81.42205047607422,7.969729423522949
