,loss,mae,mse,rmse
0,61.87838731741548,4.2500176429748535,62.16731643676758,7.176137447357178
