,loss,mae,mse,rmse
0,76.15671214243395,2.5442891120910645,20.705280303955078,3.823739528656006
