,loss,mae,mse,rmse
0,8.131417462350038,2.221709728240967,12.698399543762207,3.373401403427124
