,loss,mae,mse,rmse
0,22.987664319294684,2.956367254257202,31.101022720336914,4.690247058868408
