,loss,mae,mse,rmse
0,38.687221899329586,3.7587053775787354,48.83878707885742,6.09442663192749
