,loss,mae,mse,rmse
0,337.96337938495714,7.0800886154174805,177.44174194335938,12.447478294372559
