,loss,mae,mse,rmse
0,32.37485212174254,4.027556419372559,61.91987991333008,6.8761091232299805
