,loss,mae,mse,rmse
0,35.166916847448995,4.2513203620910645,68.52516174316406,7.4069905281066895
