,loss,mae,mse,rmse
0,35.067248205165136,3.3265597820281982,39.52011489868164,5.399139881134033
