,loss,mae,mse,rmse
0,1041.1036405675552,5.770005226135254,137.40109252929688,10.628416061401367
