,loss,mae,mse,rmse
0,12.440318919603113,2.6857218742370605,23.53660774230957,4.169399261474609
