,loss,mae,mse,rmse
0,75.93034551107897,2.6155197620391846,20.17630386352539,3.945544958114624
