,loss,mae,mse,rmse
0,72.74125450688662,4.582869052886963,78.22669982910156,7.816736698150635
