,loss,mae,mse,rmse
0,76.62766562069163,2.6519453525543213,21.068695068359375,4.0262579917907715
