,loss,mae,mse,rmse
0,24.110854500635273,3.436300754547119,42.774993896484375,5.644927024841309
