,loss,mae,mse,rmse
0,16.315941807088006,2.8707261085510254,27.432659149169922,4.6900434494018555
