,loss,mae,mse,rmse
0,23.847800126125243,3.3365931510925293,41.80610275268555,5.645868301391602
