,loss,mae,mse,rmse
0,75.77728618547029,2.60373592376709,20.19321632385254,3.971107006072998
