,loss,mae,mse,rmse
0,75.7728748325933,2.6382455825805664,21.01272201538086,3.9894683361053467
