,loss,mae,mse,rmse
0,24.387988740597628,3.0619754791259766,30.786890029907227,4.888645172119141
