,loss,mae,mse,rmse
0,18.53776250661038,2.892338991165161,28.90843963623047,4.600131988525391
