,loss,mae,mse,rmse
0,21.790291626258156,3.1548011302948,36.63703918457031,5.595251560211182
