,loss,mae,mse,rmse
0,26.851004781580027,2.9865498542785645,31.628103256225586,4.719249248504639
