,loss,mae,mse,rmse
0,18.211056112005636,2.742386817932129,24.588802337646484,4.266351699829102
