,loss,mae,mse,rmse
0,77.7494361745445,2.6896209716796875,22.02805519104004,4.063152313232422
