,loss,mae,mse,rmse
0,25.603229388068705,3.489009380340576,46.46024703979492,5.869469165802002
