,loss,mae,mse,rmse
0,153.36875851113078,4.090945720672607,59.12348937988281,6.848863124847412
