,loss,mae,mse,rmse
0,19.15824603660434,3.0500965118408203,32.071929931640625,4.9444146156311035
