,loss,mae,mse,rmse
0,17.601088670600795,2.9258666038513184,28.961164474487305,4.709962844848633
