,loss,mae,mse,rmse
0,38.002907424979554,3.9068288803100586,54.724056243896484,6.4091410636901855
