,loss,mae,mse,rmse
0,13.459196634083607,2.7629573345184326,23.342845916748047,4.481844425201416
