,loss,mae,mse,rmse
0,60.93082068420199,4.48275899887085,73.9176025390625,7.640779495239258
