,loss,mae,mse,rmse
0,1070.531034976031,7.640275478363037,199.52301025390625,13.272510528564453
