,loss,mae,mse,rmse
0,12.136880160753014,2.577090263366699,21.930051803588867,4.102122783660889
