,loss,mae,mse,rmse
0,22.049114064499307,3.024634838104248,33.17030334472656,4.9092698097229
