,loss,mae,mse,rmse
0,52.00760001564246,4.032552719116211,59.266204833984375,6.761536121368408
