,loss,mae,mse,rmse
0,35.28140253333209,4.103672504425049,67.1410903930664,7.107342720031738
