,loss,mae,mse,rmse
0,153.12049048752658,4.175519943237305,58.795040130615234,6.970724582672119
