,loss,mae,mse,rmse
0,278.4838690769851,3.6908555030822754,53.2197151184082,6.589033126831055
