,loss,mae,mse,rmse
0,80.442449018397,2.781298875808716,22.397274017333984,4.189227104187012
