,loss,mae,mse,rmse
0,12.474672547618686,2.69575572013855,23.227861404418945,4.2132391929626465
