,loss,mae,mse,rmse
0,37.6790230474945,4.217682838439941,71.07939147949219,7.321496486663818
