,loss,mae,mse,rmse
0,73.09074520300278,2.4574270248413086,17.052963256835938,3.6529650688171387
