,loss,mae,mse,rmse
0,81.48194984867223,2.8030283451080322,23.412399291992188,4.2649312019348145
