,loss,mae,mse,rmse
0,22.10755624738119,3.493475914001465,41.87818908691406,5.757072448730469
