,loss,mae,mse,rmse
0,17.88110372945924,2.869147539138794,28.773273468017578,4.924271106719971
