,loss,mae,mse,rmse
0,30.931615452397928,3.908656358718872,58.846797943115234,6.807244300842285
