,loss,mae,mse,rmse
0,20.456892967004126,3.153552293777466,35.51081848144531,5.116537094116211
