,loss,mae,mse,rmse
0,43.841894393973696,4.399733066558838,80.14674377441406,8.324124336242676
