,loss,mae,mse,rmse
0,18.351877794628738,2.895878553390503,29.372886657714844,4.640307426452637
