,loss,mae,mse,rmse
0,19.37584214260009,3.275346040725708,37.07577896118164,5.335663795471191
