,loss,mae,mse,rmse
0,154.98784060714704,4.129317760467529,62.5485725402832,7.016545295715332
