,loss,mae,mse,rmse
0,54.544845519456345,3.581176996231079,47.1477165222168,5.895285129547119
