,loss,mae,mse,rmse
0,32.25386456904252,3.180204153060913,35.106685638427734,5.099313735961914
