,loss,mae,mse,rmse
0,24.844972769749344,3.108038902282715,33.41513442993164,4.987414836883545
