,loss,mae,mse,rmse
0,16.746471869656784,2.8633549213409424,31.01150894165039,4.691867828369141
