,loss,mae,mse,rmse
0,291.4841573149825,4.365786075592041,77.43112182617188,8.110642433166504
