,loss,mae,mse,rmse
0,53.73016712756306,3.5902259349823,46.1583137512207,5.863684177398682
