,loss,mae,mse,rmse
0,37.98629291274831,2.737293004989624,23.363536834716797,4.202765941619873
