,loss,mae,mse,rmse
0,37.72478754908156,2.739469289779663,22.603605270385742,4.172214031219482
