,loss,mae,mse,rmse
0,41.71357627437464,3.871195077896118,55.925514221191406,6.417346954345703
