,loss,mae,mse,rmse
0,18.40894661169701,3.090927839279175,33.045799255371094,5.343491077423096
