,loss,mae,mse,rmse
0,19.355293204407655,2.8102810382843018,26.18354034423828,4.400975227355957
