,loss,mae,mse,rmse
0,93.17253737576142,3.4632046222686768,38.529075622558594,5.519168853759766
