,loss,mae,mse,rmse
0,34.095944995286146,3.9264237880706787,61.67431640625,7.184056282043457
