,loss,mae,mse,rmse
0,131.5168382057269,2.522357225418091,18.06181526184082,3.7503292560577393
