,loss,mae,mse,rmse
0,31.87345036525352,4.108736515045166,62.72308349609375,7.1269917488098145
