,loss,mae,mse,rmse
0,7.1971128096355015,2.070798635482788,10.56393051147461,3.043421745300293
