,loss,mae,mse,rmse
0,76.4920252904485,2.604616165161133,20.05367660522461,3.911426305770874
