,loss,mae,mse,rmse
0,12.979077101798756,2.756723165512085,24.28856658935547,4.314570426940918
