,loss,mae,mse,rmse
0,63.50421404107082,4.581243991851807,79.47744750976562,7.9137492179870605
