,loss,mae,mse,rmse
0,17.031358347522072,2.842104196548462,27.719118118286133,4.61206579208374
