,loss,mae,mse,rmse
0,271.03825232341904,3.2616124153137207,38.227195739746094,5.73205041885376
