,loss,mae,mse,rmse
0,25.231426928035116,3.486258029937744,41.37595748901367,5.980760097503662
