,loss,mae,mse,rmse
0,26.933402950018472,3.6627938747406006,49.744197845458984,6.313839912414551
