,loss,mae,mse,rmse
0,11.092429292628234,2.5655245780944824,19.03022575378418,4.000102996826172
