,loss,mae,mse,rmse
0,352.0538946765517,8.167983055114746,209.6403045654297,13.689228057861328
