,loss,mae,mse,rmse
0,35.83261207131778,2.6687116622924805,22.819856643676758,4.065341949462891
