,loss,mae,mse,rmse
0,30.50095172252897,3.9882254600524902,59.45124816894531,6.832365989685059
