,loss,mae,mse,rmse
0,130.0205356725497,2.4605815410614014,15.70103645324707,3.579752206802368
