,loss,mae,mse,rmse
0,95.27188062128862,3.5622241497039795,42.09084701538086,5.785119533538818
