,loss,mae,mse,rmse
0,14.744356124596337,2.8923146724700928,26.532304763793945,4.535834312438965
