,loss,mae,mse,rmse
0,27.555771745199976,3.838932752609253,53.3874626159668,6.530780792236328
