,loss,mae,mse,rmse
0,51.14459840451145,3.9100513458251953,55.90483093261719,6.482987880706787
