,loss,mae,mse,rmse
0,50.01484681935734,4.47133207321167,77.11982727050781,7.702274322509766
