,loss,mae,mse,rmse
0,30.05324197700967,4.029284954071045,59.013771057128906,6.92592716217041
