,loss,mae,mse,rmse,val_loss,val_mae,val_mse,val_rmse
0,157.89765827716653,5.890133857727051,157.8976593017578,11.59959888458252,34.0109839204882,4.2269792556762695,34.010982513427734,4.896446228027344
1,109.59626415858126,4.903624534606934,109.59626770019531,9.967002868652344,27.874923982255446,3.8383443355560303,27.874921798706055,4.599004745483398
2,98.56015948211974,4.662764072418213,98.5601577758789,9.301525115966797,27.496253421397807,3.5949180126190186,27.496252059936523,4.334651947021484
3,84.93057349625226,4.243907451629639,84.93058776855469,8.815873146057129,31.337223038647345,3.647217035293579,31.337221145629883,4.365415573120117
4,76.76207343957797,4.039034366607666,76.76206970214844,8.35660171508789,28.957823419831488,3.5042760372161865,28.957820892333984,4.249910831451416
5,73.44603467596225,3.891389846801758,73.44602966308594,8.151222229003906,32.20596033562728,3.6236672401428223,32.20595932006836,4.355413913726807
6,68.39441489961648,3.7713992595672607,68.3944091796875,7.921213626861572,39.726535299762354,4.038912296295166,39.72653579711914,4.707870006561279
7,67.85032829936681,3.6400063037872314,67.85033416748047,7.917510032653809,37.38454870838937,4.937984943389893,37.38454818725586,5.803431034088135
