,loss,mae,mse,rmse
0,6.534590631033322,6.534590244293213,202.5514678955078,13.717415809631348
