,loss,mae,mse,rmse,val_loss,val_mae,val_mse,val_rmse
0,111.41581697920408,4.6609883308410645,111.41583251953125,9.63400650024414,5.5516574284801745,2.0031075477600098,5.551657676696777,2.2732760906219482
1,60.488961792893015,3.2600314617156982,60.48896789550781,7.1650519371032715,3.9955946741855306,1.377417802810669,3.9955947399139404,1.7132190465927124
2,31.990275950575956,2.58311128616333,31.990270614624023,5.220017433166504,16.95908173877899,2.766319513320923,16.95907974243164,3.066727638244629
3,23.747387016930567,2.320281744003296,23.747394561767578,4.60765266418457,81.0309752686383,8.029191017150879,81.0309829711914,7.972326278686523
4,16.252792531236892,2.016630172729492,16.25279426574707,3.775784492492676,6.854361976009526,1.6863569021224976,6.854362487792969,2.073314666748047
5,14.32789844781986,1.911365270614624,14.327898979187012,3.5420331954956055,7.2136811919000055,1.8952795267105103,7.213680744171143,2.20233154296875
6,11.790427589896945,1.7055425643920898,11.790427207946777,3.1624584197998047,8.118495323723309,1.905734658241272,8.118494987487793,2.207947254180908
