,loss,mae,mse,rmse,val_loss,val_mae,val_mse,val_rmse
0,4.92130146633147,4.921301364898682,151.2871856689453,11.25275707244873,2.7525733255360225,2.752573251724243,11.911063194274902,3.0539958477020264
1,3.9382680743960328,3.9382688999176025,124.74524688720703,10.082006454467773,4.229398388405369,4.229398250579834,24.903717041015625,4.691065311431885
