,loss,mae,mse,rmse
0,161.14880404305995,10.99650764465332,315.65728759765625,16.564178466796875
