,loss,mae,mse,rmse
0,104.32116956049853,104.32118225097656,122062.625,305.4600830078125
