,loss,mae,mse,rmse
0,91.01987734495815,91.01985931396484,76679.8359375,247.35000610351562
