,loss,mae,mse,rmse
0,90.88276854386812,90.88278198242188,110117.3671875,254.2816619873047
