,loss,mae,mse,rmse,val_loss,val_mae,val_mse,val_rmse
0,5.004383583428058,5.004383087158203,156.74484252929688,11.2929105758667,2.906696179141737,2.906696081161499,16.783288955688477,3.2445554733276367
1,4.041462147666481,4.041461944580078,128.5618896484375,10.35098934173584,2.495394459162673,2.495394229888916,13.12838077545166,2.852473497390747
