,loss,mae,mse,rmse
0,141.32080447316568,10.148177146911621,282.15338134765625,15.545609474182129
