,loss,mae,mse,rmse
0,140.03729355521406,10.303725242614746,278.6941223144531,15.170777320861816
