,loss,mae,mse,rmse
0,6.344094495529869,6.344094753265381,186.3306427001953,13.24863052368164
