,loss,mae,mse,rmse,val_loss,val_mae,val_mse,val_rmse
0,154.42090893351175,5.681271553039551,154.42091369628906,11.785537719726562,66.11742714659809,7.011721611022949,66.117431640625,7.510557651519775
