,loss,mae,mse,rmse,val_loss,val_mae,val_mse,val_rmse
0,163.94770659528862,6.043463230133057,163.94772338867188,12.132305145263672,14.485114343199012,3.155932903289795,14.485115051269531,3.5302276611328125
