,loss,mae,mse,rmse
0,52333.700340334595,10.546783447265625,296.57464599609375,16.565248489379883
