,loss,mae,mse,rmse
0,49824.15016301332,10.663980484008789,293.3973693847656,16.00674819946289
