,loss,mae,mse,rmse
0,6018.9634519639485,10.783669471740723,285.6267395019531,15.77829360961914
