,loss,mae,mse,rmse
0,5751.599016679282,9.663053512573242,249.67828369140625,14.886870384216309
