,loss,mae,mse,rmse,val_loss,val_mae,val_mse,val_rmse
0,152.15627198172086,5.855538368225098,152.15625,11.784154891967773,22.191452256294145,3.692833662033081,22.19145393371582,4.338663578033447
1,110.7578805602423,4.698329448699951,110.75787353515625,9.98537540435791,13.467629496691979,2.8231427669525146,13.467629432678223,3.2155990600585938
2,101.03712671109946,4.297079086303711,101.0371322631836,9.542838096618652,15.998832458339326,3.3712217807769775,15.998831748962402,3.783130407333374
3,81.63612242972496,3.9069149494171143,81.6361312866211,8.486068725585938,75.43535453587363,6.822295188903809,75.43535614013672,7.569850444793701
4,91.78092078407212,3.9701743125915527,91.78092956542969,9.040762901306152,18.573462114595387,3.294351577758789,18.573463439941406,3.8513262271881104
5,68.67167080038845,3.5721139907836914,68.67167663574219,7.959787845611572,17.039586375265905,2.7037336826324463,17.03958511352539,3.1363303661346436
6,62.312880591590805,3.4497642517089844,62.3128662109375,7.538860321044922,19.2567431397634,3.7575957775115967,19.256744384765625,4.147551536560059
