,loss,mae,mse,rmse
0,6.217588401111007,6.217588901519775,173.15109252929688,12.394697189331055
