,loss,mae,mse,rmse
0,5.833164976707379,5.833163738250732,157.8311309814453,12.007895469665527
