,loss,mae,mse,rmse
0,61744.44238070199,10.925179481506348,306.2424621582031,16.823089599609375
