,loss,mae,mse,rmse
0,59970.23836362375,11.223028182983398,310.0586242675781,16.388607025146484
