,loss,mae,mse,rmse
0,58864.749693010075,10.387557029724121,273.5145568847656,15.526163101196289
