,loss,mae,mse,rmse
0,56373.08299181805,9.36557388305664,240.74444580078125,14.699633598327637
