,loss,mae,mse,rmse,val_loss,val_mae,val_mse,val_rmse
0,5.110533282800234,5.110533237457275,162.02427673339844,11.477826118469238,2.7475261302843488,2.747526168823242,13.292017936706543,3.048938751220703
1,4.098318882730501,4.098318576812744,129.52923583984375,10.374727249145508,2.897823773344902,2.8978238105773926,11.943475723266602,3.2435054779052734
