,loss,mae,mse,rmse
0,5497.423572904205,9.70555305480957,261.5350036621094,15.591202735900879
