,loss,mae,mse,rmse
0,4472.292429816543,9.707584381103516,261.566162109375,15.59243392944336
