,loss,mae,mse,rmse
0,135.67218657735978,9.597821235656738,270.65435791015625,15.703163146972656
