,loss,mae,mse,rmse
0,67505.16835027053,9.595406532287598,270.5951232910156,15.702595710754395
