,loss,mae,mse,rmse
0,5364.340871254162,9.597433090209961,270.6290283203125,15.703225135803223
