,loss,mae,mse,rmse
0,791.2315189475886,9.598328590393066,270.6614990234375,15.703832626342773
