,loss,mae,mse,rmse
0,771.1608977733391,9.727213859558105,256.3564453125,14.924135208129883
