,loss,mae,mse,rmse
0,5286.416103687815,9.72632884979248,256.3327941894531,14.923928260803223
