,loss,mae,mse,rmse
0,5286.379450369962,9.726330757141113,256.3328552246094,14.923928260803223
