,loss,mae,mse,rmse
0,5216.680360843786,11.225326538085938,293.46783447265625,16.13114356994629
