,loss,mae,mse,rmse
0,788.5342521975472,11.226797103881836,293.5161437988281,16.132219314575195
