,loss,mae,mse,rmse
0,7186.478012926218,11.227612495422363,293.5714111328125,16.13277816772461
