,loss,mae,mse,rmse
0,65257.45522275087,11.224136352539062,293.40643310546875,16.130491256713867
