,loss,mae,mse,rmse
0,147.16703836865628,11.227326393127441,293.54302978515625,16.132503509521484
