,loss,mae,mse,rmse
0,5216.585616372008,11.225324630737305,293.46783447265625,16.13114356994629
