,loss,mae,mse,rmse
0,4217.224664003928,11.227635383605957,293.5597839355469,16.132789611816406
