,loss,mae,mse,rmse,val_loss,val_mae,val_mse,val_rmse
0,5.418054603580782,5.41805362701416,158.51393127441406,11.82048511505127,3.024282181589571,3.024282217025757,19.180233001708984,3.2847092151641846
1,3.8690659417602595,3.869065284729004,101.97742462158203,9.3369722366333,2.713889155649159,2.7138893604278564,11.55408000946045,3.0263242721557617
2,3.398145571282043,3.3981454372406006,77.05763244628906,8.36091423034668,3.6304008803955496,3.6304008960723877,22.318260192871094,4.080989360809326
3,3.0372181836010754,3.0372185707092285,61.54536437988281,7.289112091064453,1.853078113026815,1.853078007698059,6.329861640930176,2.1382129192352295
4,2.8592188779348646,2.8592188358306885,54.43065643310547,6.937696933746338,1.7267045354189938,1.7267045974731445,6.590765953063965,2.0295112133026123
