,loss,mae,mse,rmse,val_loss,val_mae,val_mse,val_rmse
0,8.021088765374241,8.021089553833008,206.68258666992188,13.792110443115234,10.328894379816644,10.32889461517334,310.5618896484375,10.754754066467285
1,7.2592439960580935,7.259244441986084,194.97645568847656,13.111635208129883,9.828016755352282,9.82801628112793,295.3703308105469,10.331799507141113
