,loss,mae,mse,rmse,val_loss,val_mae,val_mse,val_rmse
0,8.181985029225386,8.181983947753906,219.44662475585938,13.794639587402344,5.1270901761642875,5.127089977264404,51.51480484008789,5.269066333770752
1,7.434306901888523,7.434306621551514,207.62269592285156,13.474679946899414,4.48166741067416,4.4816670417785645,44.48358917236328,4.690460205078125
