,loss,mae,mse,rmse
0,2.1390010001814708,2.1390013694763184,31.835556030273438,5.428553581237793
