,loss,mae,mse,rmse
0,2.1344429220131844,2.1344430446624756,27.752052307128906,5.02886438369751
