,loss,mae,mse,rmse
0,2.078365184137743,2.0783650875091553,25.476415634155273,4.75160026550293
