,loss,mae,mse,rmse
0,2.1169188680945794,2.1169190406799316,26.758283615112305,4.881165027618408
