,loss,mae,mse,rmse
0,4.577857104310978,4.577857494354248,143.05438232421875,11.49005126953125
