,loss,mae,mse,rmse
0,4.4933750081722925,4.493374824523926,131.7061309814453,10.638660430908203
