,loss,mae,mse,rmse
0,4.296485344953878,4.29648494720459,120.55510711669922,10.257012367248535
