,loss,mae,mse
0,3.0679160014237508,1.9488574266433716,16.792238235473633
