,loss,mae,mse
0,3.0040088089631936,2.0799200534820557,16.73786163330078
