,loss,mae,mse
0,2.911715995835259,1.9706542491912842,18.825481414794922
