,loss,mae,mse
0,2.684034244851132,1.834577202796936,14.223447799682617
