,loss,mae,mse,rmse,val_loss,val_mae,val_mse,val_rmse
0,5.920822002373201,5.9208221435546875,168.2421875,12.356598854064941,3.6150024260560127,3.615002155303955,28.612422943115234,4.375866413116455
1,4.8522340058176265,4.852234363555908,132.31707763671875,10.830242156982422,4.563841371585245,4.563841342926025,44.27626419067383,5.080489635467529
2,4.4860857600376685,4.486086845397949,115.14950561523438,10.062335968017578,2.944583084811903,2.94458270072937,21.131059646606445,3.8404152393341064
3,3.9761751199364848,3.976175308227539,95.69642639160156,9.464461326599121,2.744880340197315,2.744880199432373,19.800230026245117,3.6441662311553955
4,3.8012864971720313,3.801286458969116,89.54621124267578,9.053559303283691,2.7329903803459588,2.7329905033111572,20.11206817626953,3.6521689891815186
