,loss,mae,mse,rmse,val_loss,val_mae,val_mse,val_rmse
0,102.48293232813289,4.5992231369018555,102.4829330444336,9.437223434448242,78.13251249496251,5.603317737579346,78.13251495361328,6.125898838043213
1,54.258109697916105,3.249042272567749,54.258113861083984,6.8499369621276855,150.17190807649533,6.235231876373291,150.17190551757812,6.922441482543945
2,31.42733972718834,2.5770206451416016,31.427335739135742,5.19484281539917,117.33879600681671,6.275927543640137,117.33878326416016,6.81637716293335
3,22.06807295327368,2.2541463375091553,22.068073272705078,4.408412456512451,97.39431380131474,4.807870864868164,97.39431762695312,5.403350830078125
4,16.735932283500485,1.975227952003479,16.735929489135742,3.746685266494751,96.77820342566869,5.254061698913574,96.7781982421875,5.765400409698486
5,12.937728519505695,1.8360689878463745,12.937728881835938,3.42042875289917,103.81121201498868,5.116666316986084,103.81122589111328,5.7264628410339355
