,loss,mae,mse,rmse,val_loss,val_mae,val_mse,val_rmse
0,135.00800465610007,5.04932165145874,135.00804138183594,10.616605758666992,19.68641733915022,2.940490961074829,19.686418533325195,3.2879836559295654
1,71.30645082643939,3.6048383712768555,71.30646514892578,7.826191425323486,12.994894990202498,2.5216879844665527,12.994894981384277,2.9669084548950195
2,39.283602476340825,2.838949680328369,39.283599853515625,5.955108165740967,6.761923594670753,1.960831642150879,6.761923313140869,2.2737507820129395
3,29.261994979454435,2.452894687652588,29.26199722290039,4.978017330169678,9.994240052079501,2.246098041534424,9.994239807128906,2.731945753097534
4,22.780777243708123,2.2857940196990967,22.78077507019043,4.466574192047119,16.998579700678995,2.6423752307891846,16.998579025268555,3.10977840423584
5,19.385085737458642,2.1160616874694824,19.385087966918945,4.10097599029541,13.265157159060648,2.407163619995117,13.265156745910645,2.867398262023926
6,13.626897878431913,1.853069543838501,13.626901626586914,3.438793182373047,14.155999599417594,2.4081218242645264,14.156000137329102,2.8732516765594482
7,14.13807224822508,1.8073985576629639,14.138073921203613,3.4361908435821533,8.754394628577037,2.172295331954956,8.754395484924316,2.548990488052368
