,loss,mae,mse,rmse,val_loss,val_mae,val_mse,val_rmse
0,5.193946852191569,5.193945407867432,135.0187225341797,10.656389236450195,2.8090216146756526,2.809021472930908,9.947145462036133,3.055529832839966
1,3.5977847315502407,3.5977842807769775,84.46197509765625,8.413211822509766,8.731617670189845,8.73161792755127,98.30269622802734,8.883317947387695
2,3.179528401900899,3.1795284748077393,63.61908721923828,7.408414363861084,1.6615186652092084,1.6615188121795654,4.762619495391846,1.928095817565918
3,2.9272672627374567,2.9272677898406982,57.15486526489258,6.883206844329834,1.1512044384054942,1.1512044668197632,2.7846312522888184,1.4826165437698364
4,2.6920701802527573,2.6920700073242188,49.47150802612305,6.3060431480407715,1.3090014841458568,1.3090015649795532,4.352407932281494,1.6967202425003052
