,loss,mae,mse,rmse,val_loss,val_mae,val_mse,val_rmse
0,105.11462215487045,4.670838356018066,105.1146240234375,9.622589111328125,208.2447032063383,7.77142333984375,208.24468994140625,8.422767639160156
1,52.624543953294456,3.170929431915283,52.62453842163086,6.7797417640686035,76.9811559232947,5.266305446624756,76.98115539550781,5.810567378997803
2,32.691535872143874,2.689094305038452,32.6915283203125,5.4104108810424805,88.07479638204182,4.819709777832031,88.07479858398438,5.456939220428467
3,23.51514567288806,2.3348305225372314,23.515148162841797,4.601385593414307,93.16225371687379,4.681629657745361,93.1622543334961,5.310960292816162
4,18.752945931693763,2.130204916000366,18.75294303894043,4.101017951965332,99.81700166904763,4.880026817321777,99.81700897216797,5.514914035797119
5,16.261490827126778,1.9874558448791504,16.261491775512695,3.8062281608581543,92.86740510316744,4.62955904006958,92.8674087524414,5.310155391693115
6,14.046093688654592,1.825039029121399,14.04609203338623,3.575984001159668,86.93973142602673,4.352137565612793,86.93972778320312,5.000903606414795
