,loss,mae,mse,rmse,val_loss,val_mae,val_mse,val_rmse
0,136.192082268914,5.6874003410339355,136.19207763671875,10.861885070800781,90.90510329938914,6.4106316566467285,90.90510559082031,7.697185039520264
1,91.13977732938879,4.5487189292907715,91.13977813720703,9.03899097442627,170.58552128517465,10.901660919189453,170.58551025390625,11.655571937561035
2,78.92141821486177,4.207184791564941,78.92142486572266,8.446435928344727,111.16471983341322,5.762485504150391,111.16471862792969,6.586485385894775
3,70.11127486663432,3.852226495742798,70.11125183105469,7.834842681884766,54.48855354230698,4.629105091094971,54.488548278808594,5.725783824920654
4,59.194030560644165,3.559932231903076,59.19404220581055,7.2091569900512695,61.83206274215489,4.739937782287598,61.832061767578125,5.7670416831970215
5,56.627681979451076,3.423417329788208,56.62767028808594,7.0165605545043945,61.14361517266052,4.4958930015563965,61.14361572265625,5.54263162612915
6,51.767888424443264,3.2634708881378174,51.76789093017578,6.822138786315918,64.06331799030303,4.339224338531494,64.06331634521484,5.374107837677002
7,48.077245016659006,3.1461074352264404,48.077239990234375,6.555133819580078,64.30823180283586,4.265830993652344,64.30823516845703,5.236418724060059
8,46.08312905211487,3.035405158996582,46.0831298828125,6.46085786819458,103.89891906209188,5.43618631362915,103.89891815185547,6.251377582550049
