,loss,mae,mse,rmse,val_loss,val_mae,val_mse,val_rmse
0,4.761643400960965,4.761642932891846,133.0944061279297,10.092401504516602,7.205424922786347,7.20542573928833,63.86307907104492,7.4782490730285645
1,3.7661547545521925,3.7661550045013428,103.0501937866211,8.580657005310059,7.237790874585714,7.237791538238525,65.06361389160156,7.487491130828857
