,loss,mae,mse,rmse,val_loss,val_mae,val_mse,val_rmse
0,4.717769997397409,4.717769622802734,137.75152587890625,11.17935848236084,2.732926970965242,2.732927083969116,10.56876277923584,3.018556833267212
1,3.601716875993164,3.6017165184020996,99.6317138671875,9.273178100585938,2.944718432426453,2.944718599319458,12.9335298538208,3.260493040084839
2,3.141921541138025,3.1419219970703125,71.6064682006836,7.987685680389404,2.5904449166908656,2.590444803237915,15.844326972961426,2.924102544784546
3,2.843633852464323,2.8436336517333984,59.885536193847656,7.209478855133057,1.99918866271842,1.9991886615753174,9.777892112731934,2.3408596515655518
4,2.677092286016,2.6770925521850586,50.72114944458008,6.37701416015625,1.6246417540393463,1.6246417760849,5.547005653381348,1.9137988090515137
