,loss,mae,mse,rmse,val_loss,val_mae,val_mse,val_rmse
0,5.474107624282749,5.47410774230957,139.7608184814453,10.893805503845215,6.1546709112925075,6.154670715332031,124.00109100341797,7.236367702484131
1,4.454395851984431,4.454395771026611,106.06012725830078,9.7012939453125,5.293542244989578,5.29354190826416,85.91301727294922,6.809457302093506
2,4.052175320006022,4.052175045013428,89.77986907958984,8.841480255126953,5.319406864577776,5.319406986236572,106.4813232421875,6.460348129272461
3,3.6274785901985918,3.6274783611297607,76.16020202636719,8.212806701660156,5.149166051002398,5.149166107177734,74.92797088623047,6.335055828094482
4,3.0276879405205364,3.0276880264282227,58.371028900146484,6.952564239501953,3.520264800770642,3.5202646255493164,43.340938568115234,4.318745136260986
