,loss,mae,mse
0,147.1284782999252,5.778044700622559,147.12847900390625
1,108.13985564023979,4.755277156829834,108.13985443115234
2,97.46544732750493,4.497900009155273,97.4654541015625
3,86.0446828144782,4.084510803222656,86.04468536376953
4,73.59531729169096,3.86381459236145,73.5953140258789
