,loss,mae,mse,rmse,val_loss,val_mae,val_mse,val_rmse
0,8.265203223720906,8.265203475952148,220.74708557128906,14.044679641723633,5.160407505296681,5.160407543182373,51.8748664855957,5.299674987792969
1,7.362543094458448,7.362542152404785,206.48849487304688,13.230876922607422,4.39071533598312,4.3907151222229,42.91777801513672,4.604370594024658
