,loss,mae,mse,rmse,val_loss,val_mae,val_mse,val_rmse
0,4.622327701718199,4.622328281402588,107.5353012084961,9.5308198928833,5.212582340305799,5.212582111358643,87.62171173095703,5.7961907386779785
1,3.302917902472385,3.302917718887329,67.85111999511719,7.546280860900879,3.5506985860328153,3.550698757171631,21.988826751708984,4.046229362487793
2,2.876935027847378,2.876934766769409,53.746604919433594,6.793385982513428,4.1925670744621595,4.192566871643066,58.34229278564453,4.735596179962158
3,2.628806217209003,2.6288061141967773,44.02779006958008,6.0742411613464355,2.9999286638547296,2.9999287128448486,19.9317569732666,3.361159086227417
4,2.4410233214927244,2.441023349761963,38.39372253417969,5.6634440422058105,3.102883216779526,3.1028831005096436,22.32706069946289,3.449084520339966
