,loss,mae,mse,rmse,val_loss,val_mae,val_mse,val_rmse
0,4.810519165115933,4.810519218444824,124.77191925048828,10.133264541625977,3.4681549438058514,3.4681551456451416,14.714876174926758,3.6896626949310303
1,3.4616659731348456,3.461665153503418,77.99321746826172,8.108268737792969,1.6587900334841585,1.658790111541748,6.327958583831787,1.9517836570739746
2,3.0369987257331683,3.036998748779297,61.86225509643555,7.14958381652832,1.2149196422263369,1.2149196863174438,2.41530704498291,1.4706846475601196
3,2.727389782802284,2.7273900508880615,50.0261344909668,6.479180812835693,1.2254202752897183,1.2254202365875244,2.8197920322418213,1.4834693670272827
4,2.56791270974301,2.567913055419922,42.75416946411133,6.045633316040039,1.6994167212754079,1.6994167566299438,6.193164825439453,1.947618007659912
