,loss,mae,mse,rmse,val_loss,val_mae,val_mse,val_rmse
0,166.21174460231762,6.24810791015625,166.21173095703125,12.364642143249512,34.55193574101958,3.9612696170806885,34.55193328857422,4.719693183898926
