,loss,mae,mse,rmse
0,5.496093269193609,5.496093273162842,175.22735595703125,11.11936092376709
1,3.7257819600428115,3.7257816791534424,90.99205780029297,8.535796165466309
