,loss,mae,mse,rmse
0,4.7693735353674445,4.769372463226318,119.4933090209961,9.587088584899902
1,3.4107085578856857,3.4107089042663574,78.14966583251953,7.6182146072387695
